Trip_Distance_km,Time_of_Day,Day_of_Week,Passenger_Count,Traffic_Conditions,Weather,Base_Fare,Per_Km_Rate,Per_Minute_Rate,Trip_Duration_Minutes,Trip_Price,Km_per_Min
19.35,Morning,Weekday,3.0,Low,Clear,3.56,0.8,0.32,53.82,36.2624,0.3595317725752509
36.87,Evening,Weekend,1.0,High,Clear,2.7,1.21,0.15,37.27,52.9032,0.9892675073785885
30.33,Evening,Weekday,4.0,Low,Clear,3.48,0.51,0.15,116.81,36.4698,0.2596524270182347
25.83,Evening,Weekday,3.0,High,Clear,2.93,0.63,0.32,22.64,15.618000000000002,1.1409010600706713
8.64,Afternoon,Weekend,2.0,Medium,Clear,2.55,1.71,0.48,89.33,60.2028,0.09672002686667414
3.85,Afternoon,Weekday,4.0,High,Rain,3.51,1.66,0.29,5.05,11.2645,0.7623762376237624
43.44,Evening,Weekend,3.0,Low,Clear,2.97,1.87,0.23,61.86,101.1216,0.7022308438409312
35.7,Afternoon,Weekday,2.0,Low,Rain,3.39,1.52,0.47,61.86,75.5657,0.5771096023278371
25.83,Morning,Weekday,4.0,Low,Clear,2.4,0.58,0.43,26.34,14.892,0.9806378132118451
41.79,Night,Weekend,3.0,High,Clear,4.6,1.77,0.11,86.95,88.13279999999999,0.48062104657849336
11.4,Morning,Weekday,3.0,Low,Clear,4.12,1.22,0.15,84.12,36.118,0.1355206847360913
9.91,Evening,Weekday,2.0,High,Clear,2.32,1.26,0.34,41.72,28.9914,0.237535953978907
9.99,Night,Weekday,4.0,High,Clear,4.33,0.85,0.43,34.0,27.4415,0.2938235294117647
15.91,Morning,Weekday,4.0,Low,Clear,4.42,1.77,0.21,114.93,56.716,0.13843208909771165
26.71,Afternoon,Weekend,4.0,Low,Rain,4.3,1.59,0.2,111.18,69.0049,0.24024105054865982
22.17,Night,Weekday,4.0,Low,Clear,2.34,1.97,0.41,57.59,69.6268,0.38496266712971
15.27,Morning,Weekday,2.0,Low,Clear,3.93,0.73,0.12,61.86,27.3543,0.24684772065955382
30.98,Afternoon,Weekend,1.0,Low,Rain,4.5,0.84,0.25,57.02,44.7782,0.5433181339880744
7.84,Morning,Weekday,4.0,Medium,Clear,3.73,0.82,0.3,53.8,26.2988,0.14572490706319702
105.94355003672597,Night,Weekend,2.0,Low,Rain,3.94,1.69,0.32,23.03,201.869509186128,4.600240991607727
18.95,Night,Weekday,1.0,Low,Clear,3.38,0.78,0.39,54.04,39.2366,0.3506661732050333
23.35,Night,Weekday,3.0,Low,Rain,3.59,0.6,0.24,66.8,33.632000000000005,0.34955089820359286
39.47,Afternoon,Weekday,1.0,Low,Clear,3.52,1.22,0.35,7.59,83.69649999999999,5.200263504611331
10.78,Evening,Weekday,3.0,High,Rain,3.92,0.54,0.33,56.07,28.2443,0.19225967540574282
30.03,Afternoon,Weekday,1.0,High,Clear,3.31,1.05,0.36,83.21,64.7971,0.3608941233024877
3.28,Evening,Weekday,2.0,Medium,Clear,2.88,1.76,0.2,78.04,24.260800000000003,0.042029728344438744
30.77,Morning,Weekday,1.0,Low,Clear,3.64,1.33,0.13,109.6,58.8121,0.28074817518248174
9.36,Afternoon,Weekday,1.0,Medium,Clear,2.4,1.85,0.15,7.07,20.7765,1.3239038189533239
47.5,Morning,Weekend,2.0,Low,Clear,4.39,0.51,0.3,95.55,57.28,0.4971219256933543
48.32,Morning,Weekday,2.0,Low,Clear,2.49,0.61,0.44,67.25,61.5552,0.7185130111524164
40.61,Afternoon,Weekday,1.0,Low,Clear,2.31,0.88,0.38,42.25,54.1018,0.9611834319526628
15.93,Afternoon,Weekday,2.0,Low,Clear,2.44,1.5,0.42,20.67,35.016400000000004,0.7706821480406385
5.79,Evening,Weekday,4.0,Low,Clear,4.63,1.83,0.24,107.07,40.9225,0.054076772205099474
34.53,Morning,Weekday,3.0,Medium,Clear,3.58,1.22,0.26,59.14,60.0471,0.5838687859316876
22.57,Afternoon,Weekday,1.0,Low,Clear,3.4,1.41,0.29,105.98,62.77850000000001,0.2129647103227024
6.98,Afternoon,Weekend,2.0,Low,Clear,2.32,0.78,0.18,72.37,20.791,0.09644880475335084
25.26,Evening,Weekday,2.0,High,Clear,3.95,1.71,0.12,82.53,57.0482,0.3060705198109778
2.69,Afternoon,Weekday,4.0,Low,Clear,4.6,1.95,0.34,97.49,42.9921,0.02759257359729203
45.56,Afternoon,Weekday,2.0,Low,Clear,3.52,0.9,0.5,80.8,85.88400000000001,0.5638613861386139
13.68,Evening,Weekend,3.0,High,Clear,3.88,1.22,0.17,50.78,29.4758,0.26939740055139816
33.46,Afternoon,Weekend,2.0,Low,Rain,2.23,0.63,0.12,64.07,30.9982,0.5222412985796785
16.27,Morning,Weekday,1.0,Low,Clear,2.34,1.22,0.41,97.35,64.05529999999999,0.16712891628145865
26.48,Morning,Weekend,3.0,Medium,Clear,2.15,1.25,0.2,47.97,44.844,0.5520116739628935
27.79,Evening,Weekday,2.0,Low,Clear,2.77,0.72,0.43,49.63,44.1197,0.5599435825105782
10.06,Morning,Weekday,2.0,Medium,Rain,2.41,1.16,0.38,16.0,20.1596,0.62875
48.51,Evening,Weekday,3.0,High,Rain,3.52,1.0,0.48,110.18,104.1764,0.440279542566709
38.98,Afternoon,Weekday,3.0,Low,Clear,3.16,1.28,0.26,15.47,57.0766,2.5197155785391074
47.04,Night,Weekday,4.0,Medium,Clear,4.83,1.38,0.36,79.54,98.3796,0.5914005531807894
44.85,Evening,Weekend,1.0,Medium,Rain,3.83,0.51,0.29,52.52,41.9343,0.8539603960396039
30.3,Night,Weekend,1.0,Low,Clear,4.5,1.64,0.35,51.65,72.2695,0.5866408518877058
46.17,Afternoon,Weekday,4.0,Medium,Clear,4.13,1.57,0.28,83.15,99.8989,0.5552615754660253
5.34,Afternoon,Weekday,2.0,Low,Clear,2.34,1.22,0.18,12.72,10.2366,0.41981132075471694
10.6,Afternoon,Weekday,3.0,Medium,Clear,4.21,1.22,0.3,73.28,32.342,0.14465065502183405
3.22,Afternoon,Weekday,3.0,Low,Rain,2.83,1.63,0.31,93.78,37.1504,0.03433567924930689
16.94,Afternoon,Weekday,3.0,Medium,Snow,3.92,1.93,0.42,100.24,78.715,0.16899441340782126
20.05,Evening,Weekday,2.0,Low,Clear,3.02,0.86,0.39,24.61,29.8609,0.8147094676960586
14.3,Night,Weekday,3.0,High,Clear,4.99,0.99,0.37,108.2,59.181,0.1321626617375231
41.61,Evening,Weekend,3.0,Low,Rain,2.79,0.78,0.15,61.86,47.314800000000005,0.6726479146459747
18.48,Afternoon,Weekday,4.0,Medium,Clear,2.84,1.37,0.39,106.41,69.6575,0.1736678883563575
27.59,Evening,Weekend,1.0,Medium,Rain,2.07,1.03,0.46,67.33,61.459500000000006,0.40977276102777366
7.91,Morning,Weekday,4.0,Medium,Clear,4.09,1.55,0.47,110.69,68.3748,0.07146083657060259
40.31,Morning,Weekday,4.0,Medium,Clear,4.18,1.34,0.12,108.49,71.2142,0.37155498202599324
4.65,Afternoon,Weekday,1.0,Medium,Clear,4.51,1.08,0.43,56.54,33.8442,0.08224266006367174
49.36,Morning,Weekday,4.0,High,Rain,4.92,1.13,0.12,36.56,65.084,1.3501094091903718
38.84,Morning,Weekend,2.0,Low,Clear,4.93,1.34,0.25,50.21,69.52810000000001,0.7735510854411473
10.74,Morning,Weekday,3.0,Medium,Clear,2.2,0.51,0.32,49.59,23.5462,0.21657592256503327
1.27,Morning,Weekday,2.0,High,Clear,4.47,0.62,0.16,37.99,11.3358,0.03342984996051592
40.96,Morning,Weekend,1.0,High,Clear,3.94,1.82,0.4,35.89,92.8432,1.1412649763165228
35.64,Night,Weekend,1.0,High,Rain,3.94,0.62,0.1,104.02,36.4388,0.34262641799653915
36.72,Afternoon,Weekend,2.0,Low,Clear,2.39,1.56,0.17,13.03,61.8883,2.8181120491174214
38.79,Afternoon,Weekday,2.0,Low,Clear,3.95,1.88,0.33,82.93,104.2421,0.4677438803810442
4.63,Afternoon,Weekday,2.0,Medium,Clear,4.95,0.91,0.39,24.87,18.8626,0.18616807398472054
18.56,Morning,Weekend,1.0,Medium,Snow,4.74,1.22,0.47,44.62,45.385000000000005,0.4159569699686239
6.68,Night,Weekend,2.0,Medium,Clear,3.32,1.35,0.38,12.08,16.9284,0.5529801324503311
43.29,Evening,Weekday,1.0,Medium,Rain,2.12,1.82,0.37,36.05,94.2463,1.2008321775312067
31.54,Morning,Weekday,2.0,High,Clear,3.09,1.91,0.26,93.37,87.6076,0.33779586590982114
17.21,Afternoon,Weekday,2.0,Low,Rain,4.48,1.61,0.1,106.78,42.8661,0.16117250421427234
4.11,Evening,Weekend,2.0,High,Rain,4.1,0.63,0.15,30.48,11.2613,0.13484251968503938
25.83,Night,Weekday,1.0,Medium,Clear,3.38,1.5,0.31,58.31,45.8161,0.4429771908763505
16.93,Afternoon,Weekday,4.0,Low,Snow,2.17,1.12,0.37,59.09,42.9949,0.2865121001861567
36.75,Afternoon,Weekday,2.0,Medium,Clear,3.28,1.21,0.27,105.46,76.2217,0.3484733548264745
25.83,Afternoon,Weekday,1.0,Medium,Clear,3.41,0.57,0.39,92.72,57.9476,0.2785806729939603
44.47,Night,Weekend,1.0,Low,Clear,4.79,0.79,0.31,64.0,59.761300000000006,0.69484375
24.14,Morning,Weekday,2.0,Low,Clear,3.92,1.69,0.29,82.14,55.3948,0.2938884830776723
6.86,Night,Weekend,2.0,High,Clear,2.93,1.18,0.18,102.45,29.4658,0.0669594924353343
35.95,Afternoon,Weekend,4.0,Low,Clear,3.58,0.95,0.44,6.1,40.4165,5.89344262295082
38.28,Afternoon,Weekday,1.0,Medium,Clear,3.52,1.08,0.39,51.33,63.56110000000001,0.7457627118644068
28.5,Afternoon,Weekday,1.0,Medium,Clear,4.92,1.78,0.46,109.33,105.9418,0.26067867922802523
25.83,Morning,Weekend,1.0,Medium,Clear,3.43,0.91,0.5,67.43,60.077,0.38306391813732754
26.61,Morning,Weekday,4.0,Low,Rain,3.07,0.68,0.18,65.91,33.0286,0.40373236231224396
21.95,Morning,Weekday,3.0,Medium,Clear,4.05,0.88,0.1,44.99,27.865,0.4878861969326517
2.25,Evening,Weekend,3.0,Low,Clear,3.99,1.88,0.5,61.86,40.65,0.036372453928225024
6.29,Afternoon,Weekday,3.0,Low,Clear,4.15,1.37,0.21,80.37,29.645000000000003,0.07826303347020032
2.54,Morning,Weekend,2.0,Low,Clear,2.8,1.3,0.37,53.11,25.7527,0.047825268311052535
32.18,Night,Weekday,2.0,Medium,Rain,2.95,1.39,0.17,87.13,62.4923,0.36933318030529094
16.4,Evening,Weekday,1.0,Low,Rain,2.38,1.05,0.33,104.04,53.9332,0.15763168012302958
25.92,Night,Weekday,3.0,Low,Clear,3.97,1.71,0.46,22.79,58.7766,1.137340939008337
45.47,Night,Weekend,4.0,Low,Rain,2.12,1.28,0.23,56.93,73.4155,0.7987001580888811
13.22,Morning,Weekday,2.0,Low,Rain,3.79,0.68,0.37,51.92,31.99,0.2546224961479199
21.11,Afternoon,Weekend,4.0,High,Rain,4.61,0.69,0.18,84.06,34.3067,0.2511301451344278
38.02,Evening,Weekday,4.0,Low,Clear,3.52,1.31,0.35,33.73,66.2817,1.1271864808775574
112.8309582902826,Afternoon,Weekday,2.0,High,Snow,3.35,1.9,0.23,78.63,233.00828520738887,1.4349606802782984
102.74755620694734,Evening,Weekday,2.0,Medium,Clear,2.23,1.8,0.23,53.09,274.53508679715014,1.9353466981907579
25.83,Morning,Weekday,2.0,Low,Clear,4.01,1.65,0.17,109.77,37.355900000000005,0.235310194042088
46.56,Morning,Weekday,3.0,Low,Clear,4.46,0.87,0.46,119.21,99.8038,0.3905712608002685
40.6,Afternoon,Weekend,3.0,Medium,Clear,2.73,0.55,0.26,17.2,29.532000000000004,2.36046511627907
32.04,Afternoon,Weekday,3.0,Low,Clear,3.26,0.65,0.2,31.8,30.446,1.0075471698113208
43.7,Afternoon,Weekday,3.0,Low,Clear,4.52,1.59,0.28,114.29,106.0042,0.3823606614751947
40.38,Morning,Weekday,1.0,Medium,Rain,3.52,0.8,0.23,115.21,63.432300000000005,0.350490408818679
10.14,Evening,Weekday,3.0,High,Rain,2.73,1.06,0.4,16.24,19.974400000000003,0.6243842364532021
44.74,Afternoon,Weekday,2.0,Medium,Clear,3.65,1.25,0.49,6.72,62.8678,6.657738095238096
27.43,Morning,Weekend,4.0,Low,Rain,2.58,1.59,0.28,23.53,52.7821,1.1657458563535912
40.56,Evening,Weekend,3.0,Medium,Rain,2.31,0.67,0.44,119.54,82.0828,0.3393006525012548
44.91,Night,Weekday,1.0,Low,Rain,4.73,1.11,0.33,25.7,63.0611,1.7474708171206226
6.39,Evening,Weekday,4.0,High,Clear,4.28,1.31,0.38,102.57,51.6275,0.062298917812225796
12.17,Afternoon,Weekend,4.0,Low,Rain,2.15,1.73,0.31,7.35,25.4826,1.65578231292517
21.93,Afternoon,Weekday,3.0,Low,Clear,4.53,0.76,0.29,74.52,48.024,0.29428341384863127
41.08,Morning,Weekday,4.0,Low,Clear,3.31,1.71,0.46,36.86,90.5124,1.1144872490504611
43.18,Afternoon,Weekday,3.0,High,Clear,3.03,1.54,0.29,104.17,98.6948,0.4145147355284631
1.34,Afternoon,Weekend,3.0,Medium,Clear,3.64,1.33,0.46,37.6,22.718200000000003,0.03563829787234043
26.03,Morning,Weekday,2.0,Medium,Clear,2.27,1.55,0.4,83.98,76.20850000000002,0.30995475113122173
21.45,Evening,Weekday,2.0,Medium,Clear,4.27,1.12,0.3,82.54,53.056,0.2598740004846135
11.88,Afternoon,Weekday,1.0,Low,Clear,3.75,0.71,0.34,30.47,22.544600000000003,0.38989169675090257
6.87,Morning,Weekday,2.0,Medium,Rain,2.56,1.5,0.23,9.0,14.935,0.7633333333333333
17.54,Morning,Weekday,2.0,Low,Rain,2.56,1.29,0.49,52.06,50.696,0.3369189396849788
25.83,Afternoon,Weekend,3.0,Low,Clear,2.55,1.46,0.37,38.26,85.6182,0.6751176163094615
16.84,Morning,Weekend,2.0,Medium,Snow,2.17,1.01,0.12,98.03,30.942000000000004,0.17178414770988473
26.42,Evening,Weekday,3.0,High,Clear,3.76,1.86,0.23,97.04,75.22040000000001,0.2722588623248145
25.83,Afternoon,Weekday,3.0,Low,Clear,4.52,1.38,0.35,57.56,73.587,0.44874913134120914
18.82,Afternoon,Weekday,2.0,Low,Rain,2.05,0.63,0.12,74.75,22.8766,0.25177257525083613
48.62,Afternoon,Weekend,1.0,Low,Rain,2.15,1.17,0.11,74.49,67.2293,0.6527050610820244
48.16,Afternoon,Weekend,1.0,Low,Rain,3.72,1.63,0.28,100.12,110.2544,0.4810227726727926
25.83,Afternoon,Weekend,4.0,Medium,Rain,2.98,1.24,0.28,36.68,44.7092,0.7041984732824427
15.74,Afternoon,Weekday,2.0,Low,Clear,3.05,1.84,0.21,35.48,39.4624,0.44363021420518606
14.96,Morning,Weekday,1.0,Medium,Rain,3.79,0.9,0.17,66.66,28.5862,0.22442244224422445
2.81,Evening,Weekend,3.0,Low,Rain,2.82,1.12,0.38,56.65,27.4942,0.049602824360105914
30.87,Evening,Weekday,4.0,Medium,Clear,2.08,1.85,0.31,55.61,76.4286,0.5551159863333933
25.63,Afternoon,Weekday,3.0,Medium,Clear,4.21,1.22,0.18,15.48,54.1556,1.6556847545219637
3.52,Evening,Weekday,4.0,Medium,Rain,3.88,1.53,0.23,87.64,29.4228,0.040164308534915566
14.65,Evening,Weekend,2.0,High,Clear,3.74,1.79,0.29,29.58,40.020700000000005,0.4952670723461799
45.51,Evening,Weekday,1.0,Medium,Clear,4.23,0.63,0.13,27.65,36.4958,1.6459312839059674
12.74,Evening,Weekday,4.0,Low,Rain,4.03,1.8,0.16,52.47,35.357200000000006,0.24280541261673338
8.1,Afternoon,Weekend,1.0,High,Clear,2.62,0.98,0.13,31.19,14.6127,0.25969862135299776
24.98,Afternoon,Weekend,3.0,Low,Rain,3.06,0.77,0.42,72.14,52.5934,0.34627113945106736
49.3,Afternoon,Weekday,2.0,Low,Clear,2.38,0.86,0.4,47.72,63.866,1.0331098072087175
12.86,Evening,Weekday,1.0,Low,Clear,2.39,1.13,0.4,56.62,39.5698,0.22712822324267043
33.93,Morning,Weekday,2.0,Low,Rain,3.52,0.88,0.39,66.77,59.92869999999999,0.5081623483600419
38.32,Evening,Weekday,1.0,Medium,Clear,4.58,0.98,0.37,28.41,52.6453,1.3488208377331925
12.64,Evening,Weekday,3.0,Medium,Clear,3.52,0.7,0.29,22.91,20.3819,0.5517241379310345
36.68,Afternoon,Weekend,3.0,High,Rain,3.89,0.94,0.36,106.25,76.6192,0.3452235294117647
19.02,Evening,Weekday,2.0,Medium,Clear,2.55,1.36,0.12,54.88,35.0028,0.3465743440233236
31.98,Morning,Weekday,3.0,Medium,Clear,2.32,1.16,0.35,52.39,57.7533,0.6104218362282878
32.04,Afternoon,Weekday,4.0,Low,Clear,4.44,1.02,0.41,9.1,40.8518,3.520879120879121
27.25,Evening,Weekend,1.0,Low,Rain,3.74,1.62,0.3,61.86,66.566,0.44051083090850307
5.42,Morning,Weekday,3.0,Medium,Rain,3.85,1.84,0.24,68.73,30.318,0.07885930452495271
41.93,Evening,Weekend,4.0,Medium,Rain,4.34,1.64,0.21,69.27,87.6519,0.6053125451133247
25.83,Evening,Weekday,2.0,High,Clear,4.11,1.0,0.36,86.31,51.9016,0.2992700729927007
3.0,Morning,Weekday,2.0,Low,Clear,2.17,0.73,0.45,34.01,19.6645,0.08820935019112026
29.95,Morning,Weekday,2.0,Medium,Clear,4.24,0.7,0.24,98.23,48.7802,0.30489667107808205
34.2,Afternoon,Weekday,1.0,Low,Clear,4.55,1.02,0.41,113.92,86.1412,0.3002106741573034
1.81,Night,Weekday,1.0,Low,Rain,2.86,1.71,0.32,20.63,12.5567,0.08773630634997577
26.09,Afternoon,Weekday,4.0,Medium,Rain,3.92,0.87,0.45,62.23,54.62179999999999,0.41925116503294235
12.1,Morning,Weekend,2.0,Low,Clear,3.52,0.59,0.31,61.86,19.2643,0.19560297445845456
32.61,Afternoon,Weekday,1.0,Medium,Clear,3.52,0.7,0.31,11.91,31.3891,2.738035264483627
9.54,Afternoon,Weekend,1.0,Low,Rain,2.1,1.79,0.33,42.43,33.1785,0.22484091444732499
34.86,Evening,Weekday,4.0,Low,Clear,3.74,1.45,0.4,21.52,62.895,1.6198884758364311
7.74,Afternoon,Weekday,1.0,Low,Clear,3.52,1.29,0.12,21.54,15.0994,0.3593314763231198
17.71,Night,Weekday,4.0,Medium,Clear,2.71,1.48,0.48,6.06,31.829600000000003,2.9224422442244227
6.56,Afternoon,Weekday,3.0,Low,Clear,3.48,0.85,0.31,97.94,39.4174,0.06697978354094343
46.31,Afternoon,Weekday,1.0,Medium,Rain,4.74,1.8,0.35,61.86,96.939,0.7486259295182671
43.99,Night,Weekday,2.0,Low,Clear,2.64,0.96,0.29,74.71,66.5363,0.5888100655869363
13.64,Morning,Weekday,4.0,Medium,Rain,2.43,1.54,0.14,43.75,29.5606,0.3117714285714286
33.34,Night,Weekend,1.0,Medium,Clear,4.28,0.52,0.41,72.33,51.2721,0.4609429005944975
41.04,Afternoon,Weekend,1.0,High,Clear,3.5,1.06,0.4,41.3,63.522400000000005,0.9937046004842616
28.2,Morning,Weekend,2.0,Low,Clear,4.74,1.03,0.22,15.0,37.086,1.88
26.95,Afternoon,Weekend,2.0,Low,Clear,2.44,1.32,0.22,61.86,44.7548,0.4356611703847397
12.85,Evening,Weekday,4.0,Low,Snow,3.94,0.61,0.29,26.63,23.4957,0.48253849042433344
5.56,Morning,Weekday,4.0,High,Clear,3.52,1.69,0.13,54.22,19.145,0.10254518627812614
25.83,Afternoon,Weekend,2.0,Medium,Clear,2.47,0.83,0.45,80.7,76.1018,0.32007434944237917
45.12,Afternoon,Weekday,4.0,Medium,Clear,3.52,1.52,0.2,35.34,79.70039999999999,1.2767402376910015
32.02,Afternoon,Weekday,2.0,Low,Clear,3.78,1.7,0.34,6.39,60.38660000000001,5.01095461658842
17.61,Morning,Weekday,1.0,Low,Clear,4.26,1.34,0.47,64.68,58.257000000000005,0.27226345083487935
18.11,Evening,Weekday,2.0,Low,Rain,2.93,1.61,0.37,74.66,59.7113,0.24256630056255024
25.83,Night,Weekday,2.0,High,Clear,3.34,1.49,0.27,115.73,89.0764,0.223191912209453
25.83,Night,Weekend,3.0,Medium,Clear,3.22,1.03,0.38,72.79,77.18900000000001,0.35485643632367075
44.47,Evening,Weekday,2.0,High,Clear,4.95,1.71,0.24,59.18,95.1969,0.7514362960459614
39.21,Morning,Weekday,2.0,Low,Snow,2.88,0.94,0.21,70.94,54.6348,0.5527206089653228
32.46,Evening,Weekend,3.0,Low,Clear,2.88,1.36,0.5,111.71,102.8806,0.2905738071793036
5.12,Morning,Weekday,4.0,Medium,Clear,3.52,1.62,0.4,61.86,51.45840000000001,0.08276753960556095
8.92,Morning,Weekday,3.0,Low,Clear,3.69,1.07,0.36,42.14,28.4048,0.21167536782154722
45.03,Afternoon,Weekday,1.0,High,Clear,2.76,0.95,0.24,32.28,53.2857,1.3949814126394051
30.72,Afternoon,Weekend,3.0,Low,Clear,4.75,1.19,0.12,35.2,45.5308,0.8727272727272726
1.45,Evening,Weekend,1.0,High,Clear,2.8,1.73,0.29,63.01,12.2396,0.023012220282494843
5.97,Afternoon,Weekday,4.0,Medium,Rain,4.69,1.89,0.32,90.57,44.95569999999999,0.06591586618085458
1.25,Afternoon,Weekday,3.0,Low,Rain,3.97,1.49,0.31,12.8,9.8005,0.09765625
8.88,Night,Weekend,4.0,High,Clear,4.72,1.85,0.44,88.21,59.96039999999999,0.10066885840607642
27.89,Afternoon,Weekend,1.0,Low,Clear,2.51,0.65,0.11,97.69,31.3844,0.28549493295117206
34.9,Afternoon,Weekend,3.0,Medium,Clear,4.9,0.85,0.25,38.29,44.1375,0.9114651344998694
11.99,Evening,Weekend,2.0,Medium,Rain,4.84,1.74,0.28,54.06,40.839400000000005,0.2217906030336663
12.63,Morning,Weekday,3.0,Low,Clear,2.9,1.12,0.48,102.2,66.10159999999999,0.12358121330724071
16.94,Morning,Weekend,4.0,Low,Clear,2.56,0.63,0.19,65.42,25.662,0.2589422195047386
37.58,Afternoon,Weekday,4.0,Low,Snow,2.91,1.16,0.47,84.52,86.22719999999998,0.44462849029815427
32.83,Afternoon,Weekend,1.0,Medium,Clear,3.52,0.85,0.27,106.59,58.9648,0.3080026268880758
42.61,Morning,Weekday,3.0,Low,Rain,2.43,0.94,0.49,62.01,72.86829999999999,0.6871472343170456
33.22,Night,Weekend,1.0,Low,Clear,2.31,1.66,0.32,41.02,70.5816,0.8098488542174548
28.85,Morning,Weekday,1.0,High,Clear,3.27,0.61,0.47,91.67,63.9534,0.3147158285153267
5.59,Afternoon,Weekday,2.0,High,Clear,4.39,1.22,0.1,30.31,17.147599999999997,0.1844275816562191
19.02,Night,Weekday,2.0,Low,Clear,2.42,1.14,0.4,49.68,43.9748,0.3828502415458937
13.99,Afternoon,Weekday,4.0,Low,Clear,2.39,1.39,0.46,104.56,69.9337,0.13379877582249425
48.68,Afternoon,Weekday,4.0,Low,Rain,2.59,1.01,0.14,51.44,58.9584,0.9463452566096423
20.26,Morning,Weekday,3.0,Low,Rain,2.29,0.63,0.27,29.7,23.0728,0.6821548821548822
31.93,Afternoon,Weekday,1.0,Medium,Clear,4.77,1.71,0.32,37.67,71.4247,0.8476241040615874
39.95,Evening,Weekend,3.0,Low,Clear,4.46,1.19,0.31,25.25,59.828,1.5821782178217823
25.63,Morning,Weekday,3.0,High,Clear,3.06,0.84,0.16,61.86,39.066,0.41432266408018104
29.27,Morning,Weekend,4.0,Medium,Rain,3.97,1.9,0.1,33.99,62.982,0.8611356281259194
25.13,Morning,Weekend,4.0,Medium,Rain,3.61,1.02,0.42,57.23,53.2792,0.4391053643194129
25.83,Afternoon,Weekday,3.0,Low,Clear,4.03,0.74,0.14,49.37,18.7636,0.5231922219971643
36.4,Afternoon,Weekday,4.0,Medium,Clear,4.05,1.34,0.29,117.94,94.105,0.30863150754620994
14.76,Evening,Weekend,3.0,Medium,Clear,3.89,1.92,0.47,49.98,55.71979999999999,0.2953181272509004
2.19,Afternoon,Weekday,1.0,Medium,Clear,2.8,0.51,0.18,14.2,6.472899999999999,0.15422535211267607
32.63,Night,Weekday,1.0,Medium,Clear,2.12,0.86,0.37,15.33,35.8539,2.1285061969993477
9.68,Morning,Weekday,2.0,Medium,Clear,3.37,1.91,0.13,72.94,31.341,0.1327118179325473
47.08,Evening,Weekend,1.0,High,Rain,4.67,0.76,0.34,73.93,65.587,0.6368186122007303
47.74,Evening,Weekday,3.0,High,Clear,3.71,0.67,0.17,53.16,44.733,0.898043641835967
45.83,Evening,Weekday,4.0,Medium,Clear,4.5,1.36,0.39,54.66,88.1462,0.8384559092572265
19.14,Evening,Weekend,2.0,Low,Snow,4.97,1.79,0.22,11.2,41.6946,1.7089285714285716
1.76,Evening,Weekend,2.0,Low,Clear,2.49,1.22,0.29,64.4,23.3132,0.02732919254658385
46.49,Afternoon,Weekday,3.0,Low,Clear,4.08,1.99,0.34,63.05,118.0321,0.7373513084853291
21.98,Morning,Weekday,1.0,Medium,Clear,4.02,1.52,0.17,22.2,41.2036,0.9900900900900902
48.37,Morning,Weekend,2.0,Medium,Clear,4.94,0.61,0.4,61.86,41.2217,0.7819269317814419
48.22,Night,Weekday,3.0,Medium,Clear,4.96,1.99,0.22,19.21,105.144,2.510150963040083
42.8,Afternoon,Weekday,2.0,High,Rain,4.06,1.11,0.36,16.62,57.55120000000001,2.5752105896510225
15.43,Evening,Weekday,2.0,High,Clear,2.73,0.93,0.16,75.12,29.0991,0.20540468583599572
19.87,Afternoon,Weekend,1.0,High,Clear,4.4,1.34,0.38,27.6,41.5138,0.7199275362318841
42.71,Morning,Weekday,3.0,Low,Clear,2.32,1.22,0.15,33.91,48.4081,1.2595104688882337
16.53,Morning,Weekend,4.0,Medium,Clear,4.34,0.63,0.27,24.96,21.4931,0.6622596153846154
9.31,Afternoon,Weekend,2.0,Low,Rain,4.73,0.5,0.2,115.15,32.415000000000006,0.08085106382978724
28.28,Afternoon,Weekday,2.0,Low,Rain,3.15,1.17,0.4,103.28,77.5496,0.2738187451587916
46.87,Morning,Weekday,4.0,Low,Clear,3.89,1.76,0.2,31.51,92.6832,1.4874642970485559
35.11,Afternoon,Weekday,3.0,Low,Rain,3.29,1.36,0.45,42.67,70.2411,0.8228263416920553
28.93,Morning,Weekday,2.0,Medium,Clear,3.31,2.0,0.46,29.14,74.5744,0.9927934111187371
5.76,Afternoon,Weekday,2.0,High,Snow,2.93,0.93,0.18,61.57,19.3694,0.09355205457203183
31.14,Afternoon,Weekend,2.0,Low,Clear,4.29,0.92,0.35,7.26,35.4798,4.289256198347108
37.3,Morning,Weekday,3.0,Low,Snow,4.21,1.86,0.35,97.47,107.7025,0.3826818508258951
35.15,Afternoon,Weekday,1.0,Medium,Rain,2.76,1.22,0.21,96.08,91.8308,0.36584096586178183
116.196063616616,Afternoon,Weekend,4.0,Medium,Clear,2.2,0.85,0.25,19.63,206.6995696997688,5.919310423668671
139.06223019422194,Afternoon,Weekday,2.0,Low,Rain,2.8,1.82,0.14,50.83,276.84059674137075,2.7358298287275615
25.83,Morning,Weekday,3.0,Low,Clear,4.74,0.99,0.39,24.57,29.5584,1.051282051282051
40.66,Afternoon,Weekday,2.0,Medium,Clear,3.9,0.67,0.3,34.29,41.4292,1.1857684456109652
40.7,Evening,Weekday,2.0,Low,Clear,4.16,1.81,0.38,35.27,91.2296,1.1539552027218598
43.49,Evening,Weekday,1.0,Low,Clear,2.77,1.45,0.2,68.97,79.6245,0.630564013339133
45.75,Morning,Weekday,3.0,Medium,Rain,4.16,0.75,0.23,52.31,50.5038,0.8745937679220034
40.12,Morning,Weekend,2.0,High,Clear,3.88,1.61,0.24,116.97,96.546,0.34299393006753864
32.85,Night,Weekday,4.0,Medium,Clear,2.44,1.18,0.42,31.52,54.4414,1.0421954314720814
35.4,Morning,Weekday,3.0,Low,Clear,4.47,1.98,0.46,93.88,117.7468,0.37707711972731145
39.99,Afternoon,Weekday,2.0,High,Clear,2.71,0.58,0.31,43.98,39.538,0.9092769440654844
44.61,Afternoon,Weekday,2.0,Low,Clear,3.96,1.03,0.28,21.45,55.9143,2.07972027972028
17.56,Evening,Weekday,1.0,Low,Clear,3.22,1.22,0.11,103.66,36.0458,0.16939996141230948
25.83,Afternoon,Weekday,1.0,Low,Clear,3.79,1.25,0.45,40.52,46.274,0.6374629812438302
5.61,Afternoon,Weekday,1.0,High,Clear,2.32,0.97,0.11,61.86,16.6464,0.0906886517943744
29.34,Afternoon,Weekday,2.0,High,Clear,2.05,1.59,0.48,70.14,82.3678,0.41830624465355004
23.81,Morning,Weekend,1.0,Medium,Rain,2.81,1.91,0.24,62.02,63.1719,0.3839084166397936
15.04,Morning,Weekday,1.0,Low,Clear,5.0,1.78,0.11,15.09,33.4311,0.9966865473823724
29.95,Morning,Weekday,4.0,High,Clear,2.63,1.33,0.33,81.84,69.47070000000001,0.36595796676441833
2.49,Afternoon,Weekday,2.0,Low,Clear,2.8,1.74,0.32,108.02,41.699,0.023051286798740977
2.83,Morning,Weekday,1.0,Low,Snow,3.99,0.96,0.19,11.65,8.920300000000001,0.2429184549356223
41.31,Afternoon,Weekday,2.0,Medium,Clear,4.9,1.1,0.29,21.18,56.05960000000001,1.9504249291784703
18.65,Afternoon,Weekday,1.0,Medium,Clear,4.75,0.98,0.36,87.41,54.49459999999999,0.21336231552453952
7.23,Evening,Weekday,1.0,Low,Clear,3.51,1.2,0.39,55.29,33.7491,0.13076505697232774
26.59,Morning,Weekday,2.0,Medium,Clear,4.39,0.93,0.1,51.41,34.2597,0.5172145496985022
38.73,Morning,Weekday,2.0,Medium,Clear,2.41,1.94,0.47,20.75,87.29869999999998,1.8665060240963853
11.58,Morning,Weekday,3.0,Low,Rain,4.93,0.97,0.17,63.28,26.9202,0.18299620733249053
31.52,Afternoon,Weekday,1.0,Low,Clear,4.89,0.65,0.19,19.55,29.0925,1.6122762148337595
5.18,Evening,Weekday,2.0,Medium,Clear,2.49,1.29,0.21,59.81,21.7323,0.08660759070389566
3.53,Morning,Weekend,1.0,Low,Clear,2.9,0.59,0.12,92.82,16.1211,0.03803059685412627
27.04,Night,Weekday,2.0,High,Clear,2.3,0.67,0.15,61.86,25.6218,0.43711606854186874
32.23,Afternoon,Weekday,3.0,High,Clear,4.45,1.2,0.23,119.08,70.5144,0.27065838092038963
36.58,Evening,Weekend,4.0,Low,Rain,3.13,1.15,0.15,83.96,57.791,0.43568365888518346
48.82,Evening,Weekday,2.0,High,Clear,2.27,1.7,0.14,101.76,99.5104,0.4797562893081761
26.3,Evening,Weekday,2.0,Medium,Clear,3.03,1.61,0.39,52.71,65.9299,0.4989565547334472
16.82,Evening,Weekday,4.0,Low,Snow,4.94,1.14,0.44,93.3,65.1668,0.18027867095391212
39.96,Afternoon,Weekday,4.0,Low,Clear,3.89,1.0,0.2,9.66,45.782,4.136645962732919
14.27,Evening,Weekday,2.0,Low,Rain,3.25,0.97,0.11,19.13,19.1962,0.7459487715629901
22.51,Morning,Weekday,4.0,Low,Clear,2.5,1.66,0.19,28.35,45.2531,0.7940035273368606
4.84,Evening,Weekday,3.0,Medium,Rain,4.96,0.58,0.12,51.22,13.9136,0.09449433814916049
2.24,Afternoon,Weekday,1.0,Low,Clear,4.46,0.52,0.14,102.26,19.9412,0.021904948171327987
48.17,Evening,Weekend,3.0,Medium,Clear,3.52,1.69,0.27,44.82,96.3487,1.0747434181169122
41.96,Afternoon,Weekend,4.0,Low,Rain,2.21,1.22,0.19,80.28,68.65440000000001,0.5226706527154957
35.1,Afternoon,Weekday,2.0,Low,Rain,2.17,0.7,0.31,86.57,53.5767,0.40545223518539913
21.04,Afternoon,Weekday,2.0,Low,Rain,2.36,0.85,0.2,72.41,34.726,0.29056760116006075
9.49,Evening,Weekday,3.0,High,Rain,3.74,1.9,0.48,46.08,43.8894,0.20594618055555558
8.67,Morning,Weekday,2.0,High,Rain,4.79,1.79,0.46,71.36,53.1349,0.12149663677130045
13.26,Morning,Weekday,4.0,Medium,Clear,3.49,1.56,0.33,44.36,38.814400000000006,0.2989179440937782
27.91,Morning,Weekend,3.0,Low,Clear,4.53,1.22,0.24,61.86,42.0962,0.4511800840607824
36.02,Morning,Weekend,2.0,Low,Clear,3.34,1.28,0.29,119.17,79.2381,0.3022572795166569
33.35,Evening,Weekday,1.0,High,Clear,4.13,1.96,0.26,19.63,74.59979999999999,1.698930208863984
14.72,Morning,Weekday,2.0,Low,Clear,4.2,1.95,0.39,13.32,38.0988,1.105105105105105
47.79,Afternoon,Weekend,4.0,Low,Clear,2.52,0.82,0.28,106.03,71.3962,0.450721493916816
37.16,Afternoon,Weekend,2.0,Low,Clear,3.08,1.72,0.44,39.71,84.4676,0.9357844371694786
28.16,Morning,Weekend,2.0,Low,Clear,3.91,0.8,0.48,79.78,64.7324,0.3529706693406869
25.83,Evening,Weekday,3.0,Medium,Clear,2.21,0.82,0.23,42.84,37.4586,0.6029411764705882
13.14,Afternoon,Weekday,3.0,Low,Clear,3.6,1.11,0.14,35.14,23.105000000000004,0.37393284006829824
18.44,Afternoon,Weekday,2.0,Low,Rain,4.99,1.9,0.18,44.45,48.027,0.41484814398200226
38.13,Afternoon,Weekday,4.0,High,Rain,3.42,0.63,0.27,52.23,41.544,0.7300402067777141
1.71,Morning,Weekday,4.0,High,Clear,4.45,1.27,0.18,87.85,22.4347,0.019464997154240184
6.69,Night,Weekday,4.0,Low,Clear,3.3,1.88,0.45,61.86,44.6007,0.10814742967992241
3.25,Night,Weekday,3.0,Medium,Clear,4.39,1.86,0.16,61.86,28.5966,0.05253798900743615
3.0,Afternoon,Weekday,1.0,Low,Clear,3.79,0.73,0.28,9.82,8.729600000000001,0.30549898167006106
42.92,Morning,Weekday,3.0,High,Clear,4.66,1.05,0.34,62.85,71.095,0.682895783611774
35.48,Afternoon,Weekday,3.0,Low,Clear,3.23,1.43,0.38,72.19,81.39859999999999,0.4914808145172461
116.66768073006573,Morning,Weekday,2.0,High,Clear,3.81,0.74,0.25,110.82,248.29520891209057,1.05276737709859
5.79,Morning,Weekday,2.0,Medium,Clear,3.89,1.95,0.45,10.65,19.973,0.5436619718309859
25.09,Morning,Weekend,2.0,Medium,Snow,3.25,1.87,0.33,70.95,73.5818,0.3536293164200141
24.2,Afternoon,Weekday,1.0,Low,Snow,2.43,0.75,0.28,103.17,49.4676,0.2345643113308132
9.49,Evening,Weekday,1.0,Medium,Clear,2.28,0.68,0.13,32.82,12.9998,0.2891529555149299
22.26,Evening,Weekday,2.0,Medium,Clear,3.52,0.63,0.29,105.77,46.7471,0.21045665122435475
25.83,Evening,Weekday,2.0,Low,Clear,4.62,1.86,0.43,7.19,45.89750000000001,3.5924895688456187
31.18,Afternoon,Weekday,1.0,Medium,Clear,2.71,0.79,0.35,89.23,58.5727,0.3494340468452314
32.12,Afternoon,Weekday,4.0,High,Rain,2.63,1.12,0.43,112.31,86.89770000000001,0.28599412340842306
3.22,Afternoon,Weekday,1.0,Medium,Clear,4.21,1.17,0.3,80.58,32.151399999999995,0.03996028791263341
19.36,Night,Weekday,1.0,Medium,Rain,2.96,1.4,0.15,55.49,38.3875,0.34889169219679217
31.67,Morning,Weekday,1.0,Low,Clear,3.52,1.22,0.11,10.16,23.9563,3.1171259842519685
25.65,Evening,Weekday,2.0,Medium,Snow,2.49,0.84,0.22,110.81,48.4142,0.23147730349246456
42.97,Afternoon,Weekend,4.0,Low,Clear,4.88,1.9,0.38,59.08,108.9734,0.7273188896411645
33.28,Afternoon,Weekday,1.0,Medium,Rain,4.55,1.86,0.42,8.33,69.9494,3.9951980792316926
8.98,Evening,Weekday,2.0,High,Clear,4.59,1.67,0.22,84.33,38.1392,0.10648642238823669
4.46,Afternoon,Weekend,3.0,Medium,Clear,3.22,0.53,0.3,60.41,23.7068,0.07382883628538321
32.48,Evening,Weekday,3.0,Low,Clear,4.29,0.99,0.27,19.3,41.65619999999999,1.6829015544041448
2.3,Night,Weekend,2.0,Low,Clear,2.43,1.44,0.26,29.64,13.4484,0.07759784075573549
25.83,Afternoon,Weekday,3.0,Medium,Rain,2.03,0.91,0.19,12.42,31.4168,2.079710144927536
47.07,Morning,Weekday,4.0,Medium,Rain,2.06,1.86,0.15,71.04,100.2662,0.6625844594594594
29.2,Afternoon,Weekday,3.0,High,Rain,3.76,1.45,0.18,76.53,59.87539999999999,0.38154971906441915
20.02,Night,Weekday,3.0,High,Clear,3.37,0.61,0.12,63.16,23.1614,0.31697276757441417
32.52,Morning,Weekday,4.0,Medium,Rain,3.55,1.86,0.18,98.97,81.85180000000001,0.32858441952106704
23.45,Afternoon,Weekday,1.0,Low,Clear,2.02,1.94,0.1,104.02,57.915,0.22543741588156124
27.74,Afternoon,Weekday,1.0,Low,Clear,3.52,0.62,0.35,75.8,46.9988,0.3659630606860158
47.13,Evening,Weekday,4.0,Low,Clear,4.15,1.3,0.23,6.47,66.90710000000001,7.284389489953633
19.92,Morning,Weekday,4.0,Low,Clear,3.33,0.96,0.49,84.95,64.0787,0.23449087698646265
25.83,Evening,Weekday,4.0,Medium,Clear,4.2,1.09,0.18,61.86,66.1816,0.41755577109602326
45.36,Night,Weekday,3.0,Medium,Clear,2.7,0.77,0.24,70.04,54.436800000000005,0.6476299257567104
10.59,Morning,Weekday,4.0,Medium,Clear,4.44,1.22,0.24,79.64,38.0619,0.13297338021094926
4.4,Morning,Weekend,2.0,Low,Rain,3.77,1.94,0.1,45.28,16.834,0.0971731448763251
5.94,Night,Weekday,3.0,Low,Clear,2.63,1.25,0.44,110.47,58.6618,0.05377025436770164
1.89,Morning,Weekend,1.0,Low,Clear,2.71,0.62,0.11,20.41,6.1269,0.09260166585007348
5.63,Evening,Weekday,1.0,Low,Clear,3.88,1.43,0.29,82.22,51.39649999999999,0.06847482364388227
34.47,Afternoon,Weekday,1.0,High,Clear,4.49,1.01,0.46,5.5,41.834700000000005,6.267272727272727
4.49,Morning,Weekday,3.0,Low,Clear,3.25,1.78,0.31,111.33,45.75449999999999,0.04033054881882692
16.63,Evening,Weekday,2.0,Medium,Clear,2.77,1.15,0.32,17.94,27.6353,0.926978818283166
42.4,Afternoon,Weekday,4.0,Low,Clear,4.6,0.79,0.36,15.91,43.823600000000006,2.664990571967316
2.14,Afternoon,Weekend,4.0,High,Clear,4.01,0.79,0.25,43.3,16.525599999999997,0.04942263279445728
40.91,Afternoon,Weekday,1.0,Medium,Clear,3.34,1.65,0.36,47.96,88.1071,0.8530025020850708
14.81,Afternoon,Weekend,1.0,Low,Rain,3.46,0.9,0.12,29.64,20.3458,0.49966261808367074
6.79,Morning,Weekend,3.0,Medium,Clear,2.61,1.65,0.12,72.29,22.4883,0.09392723751556231
35.14,Afternoon,Weekend,2.0,Medium,Clear,3.88,0.81,0.28,55.94,48.006600000000006,0.6281730425455846
31.82,Afternoon,Weekend,4.0,High,Rain,3.08,0.98,0.32,8.93,37.1212,3.563269876819709
44.0,Morning,Weekday,3.0,Low,Clear,4.99,1.2,0.46,41.76,76.9996,1.053639846743295
37.02,Afternoon,Weekday,4.0,High,Clear,3.44,1.91,0.14,61.86,87.89620000000001,0.5984481086323958
40.37,Afternoon,Weekday,1.0,High,Rain,3.46,1.9,0.43,84.32,116.42059999999998,0.47877134724857684
14.82,Evening,Weekday,4.0,High,Clear,3.7,0.81,0.18,88.36,31.609,0.16772295156179268
9.69,Morning,Weekday,2.0,Medium,Clear,4.75,1.04,0.26,85.28,37.0004,0.11362570356472795
37.78,Night,Weekend,2.0,Medium,Clear,4.4,0.72,0.23,40.76,40.9764,0.9268891069676154
40.53,Afternoon,Weekday,1.0,Medium,Clear,3.35,1.26,0.26,16.46,58.6974,2.462332928311057
49.53,Morning,Weekday,2.0,Medium,Clear,4.16,1.19,0.16,36.33,68.9135,1.3633360858794386
21.22,Morning,Weekday,2.0,Medium,Clear,3.76,1.85,0.3,100.66,73.21499999999999,0.21080866282535266
19.23,Morning,Weekday,3.0,Medium,Clear,3.48,1.9,0.42,117.75,89.472,0.16331210191082804
39.04,Afternoon,Weekday,4.0,Medium,Clear,3.52,1.08,0.28,61.79,62.0444,0.6318174461887037
17.7,Afternoon,Weekend,1.0,Medium,Clear,3.39,1.24,0.3,6.12,27.174,2.892156862745098
46.61,Evening,Weekday,1.0,High,Clear,2.74,1.84,0.44,21.11,97.7908,2.2079583135954524
43.06,Afternoon,Weekday,1.0,Low,Clear,4.74,1.71,0.38,42.04,94.3478,1.0242626070409135
37.79,Afternoon,Weekday,1.0,Medium,Clear,4.86,0.98,0.2,13.64,44.6222,2.7705278592375366
37.97,Evening,Weekday,2.0,High,Rain,3.6,1.13,0.45,113.49,97.57659999999998,0.3345669221957882
6.05,Morning,Weekday,3.0,Medium,Clear,3.89,0.84,0.33,46.98,24.4754,0.12877820349084718
25.83,Morning,Weekday,1.0,Low,Clear,3.63,0.8,0.19,109.95,60.7045,0.23492496589358797
25.76,Morning,Weekday,3.0,High,Clear,2.39,0.56,0.21,94.76,36.7152,0.27184466019417475
41.5,Evening,Weekday,3.0,Low,Clear,3.13,1.47,0.42,91.88,102.72459999999998,0.45167609925990426
25.83,Afternoon,Weekday,2.0,High,Rain,2.3,0.89,0.12,74.77,26.1176,0.3454594088538184
44.88,Afternoon,Weekday,1.0,Medium,Clear,3.87,0.58,0.5,77.08,68.4404,0.5822522055007785
20.07,Evening,Weekday,2.0,Medium,Snow,3.34,0.85,0.15,78.37,32.155,0.25609289268852875
45.36,Afternoon,Weekend,2.0,Medium,Rain,2.66,1.78,0.26,68.68,101.2576,0.6604542807221898
5.47,Afternoon,Weekday,3.0,Low,Clear,2.49,1.22,0.29,118.44,44.69539999999999,0.04618372171563661
104.37179088913676,Afternoon,Weekday,1.0,Low,Rain,3.22,1.12,0.45,89.21,206.5086519683172,1.16995618079965
47.55,Morning,Weekday,4.0,Low,Clear,4.78,1.97,0.27,94.35,123.928,0.5039745627980922
47.58,Morning,Weekday,3.0,Low,Clear,4.13,0.8,0.31,105.33,74.8463,0.4517231557960695
29.1,Morning,Weekday,4.0,High,Clear,3.26,0.82,0.12,29.8,30.698,0.9765100671140939
31.96,Afternoon,Weekday,3.0,High,Clear,3.55,0.94,0.29,14.64,35.0564,2.1830601092896176
22.97,Night,Weekend,2.0,Low,Rain,2.25,0.76,0.2,60.53,31.8132,0.3794812489674541
15.37,Morning,Weekday,1.0,Low,Clear,4.95,1.07,0.37,64.12,45.1203,0.23970679975046785
25.83,Morning,Weekday,3.0,Low,Clear,4.0,1.87,0.15,100.36,51.031000000000006,0.25737345555998403
33.95,Afternoon,Weekday,2.0,Medium,Rain,2.86,1.42,0.15,61.86,59.475,0.5488199159392176
37.87,Night,Weekday,1.0,High,Clear,3.76,1.22,0.26,70.65,64.5434,0.5360226468506722
39.79,Afternoon,Weekday,1.0,High,Snow,2.33,1.9,0.36,61.86,101.5506,0.6432266408018106
39.69,Afternoon,Weekday,3.0,Medium,Rain,4.9,0.57,0.38,61.86,31.0915,0.6416100872938894
5.47,Morning,Weekend,1.0,Medium,Clear,2.52,0.82,0.17,75.75,19.8829,0.0722112211221122
25.23,Morning,Weekday,3.0,Low,Rain,3.94,1.35,0.13,100.22,51.0291,0.2517461584514069
25.83,Night,Weekday,1.0,High,Clear,3.52,1.42,0.48,23.11,19.2572,1.1176979662483773
27.93,Night,Weekend,4.0,Low,Clear,4.15,0.56,0.2,73.35,34.4608,0.38077709611451943
44.5,Night,Weekend,4.0,Medium,Clear,4.02,1.47,0.45,23.88,80.18099999999998,1.8634840871021776
25.83,Afternoon,Weekday,2.0,Medium,Rain,3.84,1.55,0.41,19.2,39.9065,1.3453125
6.74,Evening,Weekend,4.0,Low,Rain,4.68,1.46,0.17,117.71,34.5311,0.05725936623906211
8.01,Afternoon,Weekday,3.0,High,Clear,3.52,0.98,0.43,50.28,31.7102,0.15930787589498807
38.31,Afternoon,Weekend,1.0,Low,Clear,2.99,0.64,0.41,31.15,40.2799,1.2298555377207063
31.29,Afternoon,Weekend,1.0,Medium,Snow,2.74,1.14,0.34,24.7,46.8086,1.2668016194331984
5.96,Afternoon,Weekday,2.0,Low,Clear,4.96,0.69,0.23,81.77,27.8795,0.07288736700501407
5.12,Morning,Weekend,4.0,Low,Clear,3.17,1.92,0.21,75.09,28.7693,0.06818484485284325
35.35,Morning,Weekday,1.0,Medium,Clear,4.2,1.21,0.15,79.01,58.825,0.44741172003543855
4.57,Afternoon,Weekday,2.0,Medium,Rain,4.05,0.98,0.3,15.12,13.0646,0.30224867724867727
41.27,Evening,Weekday,1.0,Low,Clear,2.64,1.65,0.33,107.76,106.2963,0.38298069784706756
25.83,Morning,Weekday,2.0,Low,Rain,2.72,1.25,0.24,49.77,59.1773,0.5189873417721518
25.83,Afternoon,Weekday,4.0,Medium,Clear,2.84,0.97,0.29,41.04,19.5819,0.6293859649122807
5.16,Night,Weekday,2.0,Medium,Clear,3.23,1.72,0.25,58.17,26.6477,0.0887055183084064
49.35,Morning,Weekday,2.0,Low,Clear,2.7,1.8,0.36,49.86,109.4796,0.9897713598074609
19.34,Afternoon,Weekend,2.0,Low,Clear,2.06,1.51,0.46,104.31,79.24600000000001,0.18540887738471862
19.16,Afternoon,Weekend,2.0,Low,Clear,4.64,0.57,0.29,111.87,34.5791,0.1712702243675695
40.83,Evening,Weekday,1.0,Low,Rain,4.9,1.35,0.29,39.9,69.99549999999999,1.0233082706766918
47.42,Morning,Weekday,2.0,Low,Rain,3.02,1.64,0.16,104.35,97.4848,0.45443219932918066
25.83,Afternoon,Weekday,1.0,Medium,Clear,3.02,0.7,0.35,94.88,70.745,0.27223861720067455
37.92,Evening,Weekday,2.0,Medium,Rain,2.02,0.84,0.39,112.04,77.56840000000001,0.3384505533737951
19.44,Night,Weekday,2.0,Low,Clear,4.04,1.82,0.47,33.26,55.053,0.5844858689116056
39.08,Afternoon,Weekday,2.0,Low,Clear,2.44,1.63,0.29,36.57,83.694,1.0686354935739677
28.36,Afternoon,Weekend,3.0,High,Clear,2.48,1.21,0.13,99.77,49.7657,0.2842537837025158
21.79,Evening,Weekday,2.0,High,Clear,4.37,1.17,0.34,5.61,31.7717,3.884135472370766
45.41,Afternoon,Weekday,2.0,Low,Clear,3.85,0.51,0.12,69.95,35.4031,0.6491779842744817
6.45,Morning,Weekday,2.0,Low,Clear,2.13,1.73,0.46,44.01,33.5331,0.14655760054533062
25.14,Night,Weekday,3.0,High,Rain,3.87,1.04,0.31,42.11,43.069700000000005,0.5970078366183804
1.56,Afternoon,Weekday,4.0,High,Clear,2.93,1.31,0.37,79.16,34.2628,0.019706922688226377
23.96,Afternoon,Weekday,3.0,Low,Clear,3.11,1.52,0.43,102.92,83.7848,0.23280217644772638
3.76,Morning,Weekday,4.0,Low,Clear,4.31,1.55,0.16,75.06,22.1476,0.050093258726352244
6.82,Afternoon,Weekday,2.0,Low,Clear,4.43,1.93,0.12,103.11,29.965799999999994,0.06614295412666085
6.76,Afternoon,Weekend,2.0,Medium,Clear,3.2,1.3,0.45,35.43,27.9315,0.19079875811459215
32.81,Afternoon,Weekend,2.0,Low,Clear,4.84,1.22,0.23,64.74,55.82120000000001,0.5067964164349708
37.56,Morning,Weekday,4.0,Low,Clear,3.22,1.93,0.15,56.81,84.23230000000001,0.6611512057736314
29.59,Afternoon,Weekday,3.0,Medium,Rain,4.32,1.46,0.29,6.34,49.36,4.667192429022082
48.15,Night,Weekday,2.0,Low,Clear,3.45,0.95,0.34,69.03,72.6627,0.6975228161668839
19.37,Morning,Weekday,3.0,Medium,Clear,4.69,0.69,0.11,81.08,26.9741,0.23889985199802666
15.0,Night,Weekday,3.0,Low,Snow,4.72,1.76,0.21,73.07,46.46469999999999,0.20528260572054197
43.56,Afternoon,Weekday,3.0,Low,Rain,2.26,1.04,0.11,89.67,57.426100000000005,0.4857811977249917
11.96,Evening,Weekday,2.0,Medium,Snow,4.81,1.49,0.27,70.7,41.71940000000001,0.16916548797736916
48.2,Afternoon,Weekday,3.0,Low,Clear,4.48,1.21,0.46,12.68,68.63480000000001,3.801261829652997
25.83,Afternoon,Weekday,3.0,High,Clear,4.37,0.8,0.49,18.39,14.6611,1.4045676998368677
48.52,Evening,Weekend,2.0,Medium,Clear,2.6,1.4,0.35,73.59,96.2845,0.6593287131403723
3.11,Evening,Weekend,3.0,Low,Clear,4.42,0.59,0.16,36.62,12.1141,0.08492626979792463
44.67,Afternoon,Weekend,2.0,Medium,Rain,4.55,1.12,0.46,14.16,61.09400000000001,3.1546610169491527
26.86,Afternoon,Weekday,4.0,Low,Clear,2.87,1.32,0.31,54.4,55.1892,0.49375
49.66,Afternoon,Weekend,4.0,High,Clear,4.86,1.15,0.16,68.75,72.969,0.7223272727272727
25.83,Evening,Weekday,2.0,Low,Clear,2.15,1.62,0.47,42.81,29.7551,0.603363700070077
28.14,Evening,Weekend,3.0,Medium,Clear,2.45,1.22,0.4,87.85,86.5536,0.32031872509960163
48.5,Evening,Weekday,1.0,Low,Clear,3.61,1.66,0.39,79.03,114.9417,0.6136910034164241
26.63,Afternoon,Weekend,1.0,Medium,Clear,3.73,0.56,0.38,43.27,35.08540000000001,0.6154379477698173
31.84,Evening,Weekday,3.0,High,Snow,3.94,0.79,0.18,91.81,45.6194,0.34680318048142905
23.27,Afternoon,Weekend,2.0,Low,Clear,4.88,1.9,0.38,78.31,78.85079999999999,0.2971523432511812
31.75,Morning,Weekday,1.0,Low,Rain,2.13,1.75,0.19,68.64,70.7341,0.46255827505827507
29.63,Afternoon,Weekday,3.0,High,Clear,2.43,1.76,0.28,6.31,56.345600000000005,4.695721077654516
45.16,Afternoon,Weekend,3.0,High,Clear,2.04,1.22,0.41,85.1,79.833,0.5306698002350176
3.23,Afternoon,Weekday,2.0,Low,Rain,3.7,1.14,0.41,48.24,27.1606,0.06695688225538972
14.77,Afternoon,Weekend,4.0,Medium,Clear,4.8,1.21,0.28,113.4,54.42370000000001,0.1302469135802469
47.57,Afternoon,Weekday,2.0,Low,Rain,4.0,0.74,0.42,99.07,80.81119999999999,0.4801655395175129
44.62,Afternoon,Weekday,2.0,High,Rain,4.47,0.55,0.44,72.58,60.9462,0.6147699090658584
23.33,Morning,Weekday,1.0,Low,Snow,2.04,1.92,0.29,34.0,59.0736,0.6861764705882353
31.39,Afternoon,Weekday,1.0,Low,Clear,3.63,0.86,0.19,28.43,36.0271,1.10411537108688
14.59,Morning,Weekend,2.0,Medium,Clear,3.52,0.86,0.21,44.14,25.1968,0.33053919347530586
10.22,Morning,Weekday,2.0,Low,Clear,3.5,0.63,0.23,59.81,23.694900000000004,0.17087443571309147
23.72,Afternoon,Weekday,3.0,Medium,Clear,2.22,1.89,0.15,39.05,52.9083,0.6074263764404609
18.31,Afternoon,Weekday,1.0,Medium,Rain,4.05,1.37,0.21,64.22,42.6209,0.28511367175334784
29.6,Afternoon,Weekday,2.0,Low,Clear,3.51,1.5,0.18,24.02,52.2336,1.2323064113238968
4.81,Afternoon,Weekend,1.0,Low,Clear,4.3,1.87,0.28,117.44,46.1779,0.04095708446866485
48.75,Afternoon,Weekend,2.0,Medium,Rain,3.46,1.02,0.46,17.41,61.1936,2.800114876507754
49.32,Evening,Weekday,1.0,Low,Clear,2.45,1.43,0.14,112.17,88.6814,0.43968975661941695
35.21,Afternoon,Weekend,4.0,Medium,Clear,3.94,0.56,0.39,110.06,66.581,0.31991640923132836
27.27,Afternoon,Weekend,3.0,High,Clear,2.52,0.78,0.37,65.42,47.996,0.4168450015285845
16.17,Afternoon,Weekday,1.0,Medium,Rain,4.62,1.75,0.14,61.86,45.28790000000001,0.2613967022308439
40.88,Afternoon,Weekend,4.0,Low,Clear,3.52,1.65,0.47,55.15,97.2125,0.7412511332728922
34.55,Afternoon,Weekday,1.0,Low,Rain,2.47,1.03,0.29,61.86,63.615,0.5585192369867442
8.97,Afternoon,Weekday,1.0,Low,Clear,4.89,1.07,0.25,44.17,25.5304,0.20307901290468644
45.64,Afternoon,Weekend,4.0,Low,Rain,3.56,1.3,0.4,39.63,78.744,1.151652788291698
41.3,Afternoon,Weekday,1.0,Medium,Rain,2.22,1.22,0.2,71.5,37.17,0.5776223776223776
47.54,Afternoon,Weekend,1.0,Medium,Clear,3.88,0.86,0.38,61.86,68.4308,0.7685095376656967
36.56,Evening,Weekend,3.0,Low,Clear,2.76,0.81,0.12,61.86,40.9716,0.5910119624959587
31.06,Evening,Weekday,4.0,Low,Clear,4.41,0.88,0.44,37.97,48.4496,0.8180142217540163
21.49,Evening,Weekend,4.0,Low,Rain,4.45,1.71,0.28,47.2,54.4139,0.45529661016949147
46.7,Night,Weekday,2.0,Medium,Clear,4.94,1.22,0.35,14.65,53.0315,3.1877133105802047
43.44,Morning,Weekday,1.0,Low,Clear,3.51,0.79,0.19,11.01,39.9195,3.9455040871934606
3.22,Morning,Weekday,3.0,Low,Clear,3.36,1.22,0.37,34.15,20.0527,0.09428989751098098
2.29,Morning,Weekend,1.0,Low,Clear,4.26,1.8,0.41,13.54,13.9334,0.16912850812407682
19.45,Afternoon,Weekday,1.0,High,Clear,2.4,0.86,0.29,16.93,24.0367,1.1488481984642647
40.72,Evening,Weekday,2.0,High,Clear,3.64,0.62,0.35,98.49,63.3579,0.4134429891359529
49.38,Morning,Weekday,1.0,Low,Clear,3.64,1.03,0.28,9.47,57.153000000000006,5.214361140443506
8.37,Night,Weekend,3.0,Low,Rain,2.27,1.62,0.29,80.78,52.9882,0.10361475612775438
30.11,Morning,Weekday,3.0,Medium,Clear,3.25,1.33,0.3,36.34,54.1983,0.8285635663181067
19.66,Night,Weekday,2.0,Low,Clear,4.56,1.73,0.44,105.23,84.873,0.18682885108809275
48.53,Afternoon,Weekday,1.0,Medium,Snow,4.57,1.94,0.29,60.77,124.2416,0.7985848280401514
42.26,Morning,Weekday,3.0,High,Rain,2.3,1.69,0.26,40.14,84.1558,1.0528151469855505
42.08,Afternoon,Weekend,1.0,Medium,Rain,2.27,1.41,0.19,64.53,73.86349999999999,0.6520997985433131
23.97,Morning,Weekday,1.0,High,Clear,2.79,1.24,0.26,48.93,45.2346,0.489883507050889
21.33,Morning,Weekday,1.0,Low,Clear,4.62,0.56,0.43,69.89,46.61750000000001,0.3051938760910001
14.4,Afternoon,Weekend,2.0,Low,Clear,2.39,1.98,0.19,18.17,34.3543,0.7925151348376445
3.76,Evening,Weekday,2.0,Medium,Rain,4.16,1.08,0.31,119.65,45.31230000000001,0.03142498955286251
43.37,Afternoon,Weekend,3.0,Low,Clear,2.3,0.73,0.42,53.94,56.61489999999999,0.8040415276232851
40.83,Afternoon,Weekday,1.0,Medium,Clear,3.87,1.5,0.24,45.05,75.92699999999999,0.9063263041065484
49.99,Afternoon,Weekend,3.0,Low,Clear,3.07,0.93,0.36,86.67,80.7619,0.5767855082496827
28.22,Morning,Weekday,3.0,High,Clear,2.7,1.38,0.14,100.83,55.7598,0.27987702072795795
38.68,Afternoon,Weekend,2.0,Low,Clear,3.92,1.17,0.42,57.24,73.2164,0.6757512229210342
47.29,Morning,Weekend,1.0,High,Clear,2.71,1.75,0.14,87.75,97.75249999999998,0.5389173789173789
42.63,Morning,Weekend,1.0,High,Clear,4.14,1.22,0.21,17.36,46.15260000000001,2.455645161290323
13.12,Afternoon,Weekday,3.0,Medium,Snow,4.62,1.17,0.44,102.3,64.9824,0.12825024437927662
23.08,Morning,Weekend,4.0,Medium,Rain,2.38,1.31,0.24,89.61,54.1212,0.2575605401182903
7.33,Afternoon,Weekend,2.0,Medium,Rain,4.6,1.5,0.49,29.35,29.9765,0.24974446337308345
47.75,Evening,Weekday,4.0,High,Rain,3.78,1.68,0.49,61.86,94.6379,0.7719043000323311
30.7,Morning,Weekend,4.0,Low,Clear,2.38,1.09,0.21,41.37,44.5307,0.7420836354846507
12.2,Afternoon,Weekend,1.0,Medium,Clear,3.28,1.47,0.12,117.25,35.284,0.10405117270788912
33.91,Morning,Weekday,2.0,Medium,Clear,2.48,0.73,0.38,34.54,40.3595,0.9817602779386219
31.29,Night,Weekday,2.0,Medium,Clear,4.1,1.9,0.28,57.45,79.637,0.5446475195822454
18.55,Afternoon,Weekday,1.0,Medium,Clear,4.28,1.07,0.14,61.86,25.3115,0.2998706757193663
6.56,Evening,Weekday,4.0,Low,Clear,2.32,1.59,0.38,50.68,32.0088,0.12943962115232832
33.91,Afternoon,Weekday,4.0,Medium,Clear,3.52,0.53,0.11,61.86,29.2693,0.5481732945360491
26.5,Morning,Weekday,1.0,High,Clear,4.44,0.81,0.45,114.61,77.4795,0.23121891632492803
38.84,Afternoon,Weekday,1.0,Low,Clear,4.81,1.23,0.29,64.42,62.89040000000001,0.6029183483390251
26.49,Night,Weekday,1.0,High,Clear,3.54,1.82,0.15,99.2,66.6318,0.26703629032258064
42.76,Afternoon,Weekday,2.0,Medium,Rain,4.85,1.29,0.17,67.92,71.5568,0.6295641931684334
28.04,Evening,Weekend,4.0,High,Clear,3.61,1.89,0.48,9.69,61.2568,2.893704850361197
28.49,Evening,Weekend,2.0,Medium,Clear,3.18,1.23,0.38,41.23,53.8901,0.6910016977928692
43.96,Morning,Weekday,3.0,Medium,Clear,4.54,1.24,0.42,71.19,88.9502,0.6175024582104228
20.77,Morning,Weekend,4.0,Low,Clear,3.48,1.22,0.26,61.86,47.3268,0.335758163595215
7.57,Afternoon,Weekday,3.0,High,Clear,3.42,1.7,0.23,103.8,40.163,0.07292870905587669
2.41,Afternoon,Weekday,2.0,Low,Clear,3.47,0.87,0.19,31.26,11.5061,0.07709532949456174
38.0,Evening,Weekday,2.0,High,Clear,4.54,1.85,0.29,30.31,83.6299,1.2537116463213462
31.4,Night,Weekday,3.0,Low,Clear,4.5,1.87,0.32,28.13,72.2196,1.1162460007109847
35.5,Afternoon,Weekend,2.0,Low,Rain,3.21,1.91,0.35,111.09,109.89649999999996,0.3195607165361419
11.44,Morning,Weekend,1.0,Low,Rain,3.0,1.28,0.2,103.06,38.2552,0.1110032990490976
7.68,Evening,Weekday,3.0,Medium,Clear,3.48,1.52,0.48,94.11,60.32639999999999,0.08160663053873127
1.71,Morning,Weekday,3.0,Low,Clear,3.72,1.67,0.17,50.16,15.1029,0.034090909090909095
18.18,Evening,Weekday,2.0,High,Rain,2.72,0.7,0.49,63.0,46.316,0.2885714285714286
29.91,Afternoon,Weekday,1.0,Low,Clear,4.38,1.4,0.11,58.4,52.678,0.5121575342465754
20.22,Afternoon,Weekday,1.0,Low,Clear,3.46,0.55,0.29,34.14,24.4816,0.5922671353251318
22.44,Morning,Weekday,3.0,High,Clear,3.0,1.25,0.23,63.08,45.5584,0.3557387444514902
45.3,Afternoon,Weekend,3.0,Medium,Rain,2.32,0.73,0.28,8.51,37.7718,5.323149236192714
18.06,Afternoon,Weekend,3.0,High,Clear,2.72,0.77,0.33,20.16,23.279,0.8958333333333333
26.19,Afternoon,Weekday,1.0,Low,Clear,4.85,1.05,0.27,106.96,61.2287,0.2448578908002992
39.4,Afternoon,Weekend,2.0,Medium,Rain,2.92,1.15,0.27,91.44,72.9188,0.4308836395450569
20.43,Evening,Weekday,2.0,Medium,Clear,2.51,1.43,0.39,53.63,52.6406,0.3809435017713966
31.48,Evening,Weekday,1.0,Medium,Clear,3.38,0.61,0.37,64.47,46.4367,0.4882891267256088
43.26,Morning,Weekday,4.0,Medium,Snow,2.92,1.26,0.43,47.55,77.8741,0.9097791798107255
47.53,Morning,Weekday,2.0,Medium,Clear,2.11,0.77,0.2,90.19,56.7461,0.5269985585985143
8.21,Morning,Weekend,3.0,Medium,Clear,2.97,1.36,0.34,95.18,46.49680000000001,0.08625761714645934
46.4,Afternoon,Weekday,4.0,Low,Clear,3.63,1.46,0.33,92.78,101.9914,0.5001077818495365
25.11,Afternoon,Weekday,4.0,Medium,Clear,3.66,1.34,0.25,88.1,59.3324,0.28501702610669694
23.5,Morning,Weekday,4.0,Medium,Clear,3.34,1.0,0.23,43.87,36.9301,0.5356735810348758
49.02,Afternoon,Weekend,4.0,Low,Clear,4.9,1.65,0.16,59.03,95.2278,0.8304252075215992
25.14,Afternoon,Weekday,2.0,Medium,Rain,3.13,1.15,0.19,43.04,40.2186,0.5841078066914498
17.11,Afternoon,Weekday,2.0,Medium,Clear,2.77,1.23,0.29,91.82,36.6701,0.18634284469614465
25.83,Night,Weekday,4.0,Low,Clear,2.73,1.47,0.37,42.88,65.6944,0.6023787313432835
12.77,Morning,Weekday,3.0,Low,Clear,3.37,0.53,0.29,20.9,17.662100000000002,0.6110047846889952
4.72,Afternoon,Weekday,1.0,Low,Rain,4.28,1.48,0.48,50.89,35.6928,0.09274906661426606
7.32,Afternoon,Weekday,4.0,Medium,Clear,2.62,1.43,0.39,117.69,58.9867,0.06219729798623503
122.82019097975328,Afternoon,Weekday,2.0,High,Clear,4.13,0.96,0.12,30.98,247.5983178992313,3.9644993860475557
8.44,Evening,Weekend,3.0,Low,Clear,2.06,0.63,0.45,75.4,41.30720000000001,0.1119363395225464
7.8,Afternoon,Weekend,2.0,Medium,Clear,3.26,0.64,0.45,61.86,32.9075,0.12609117361784675
32.4,Night,Weekend,4.0,Low,Clear,4.33,1.88,0.28,13.17,68.9296,2.460136674259681
9.91,Morning,Weekday,1.0,Medium,Rain,3.02,1.53,0.33,61.11,38.348600000000005,0.16216658484699722
17.94,Morning,Weekday,1.0,High,Clear,3.69,0.69,0.49,85.75,58.0861,0.2092128279883382
44.94,Evening,Weekday,1.0,Low,Clear,2.61,1.04,0.31,64.02,69.1938,0.7019681349578257
24.22,Afternoon,Weekend,2.0,Medium,Clear,4.23,1.39,0.46,61.86,86.3292,0.39152925961849333
33.71,Morning,Weekday,2.0,Low,Rain,3.52,1.75,0.13,38.23,66.1224,0.8817682448339001
9.44,Morning,Weekday,1.0,Low,Clear,4.56,0.57,0.18,14.92,12.6264,0.6327077747989276
10.42,Morning,Weekday,1.0,Low,Clear,3.52,0.85,0.28,112.71,43.0058,0.09244964954307515
3.0,Evening,Weekday,2.0,Low,Clear,4.62,1.83,0.33,48.49,26.111700000000003,0.06186842647968653
9.28,Morning,Weekday,3.0,Medium,Clear,3.06,0.51,0.43,71.29,38.447500000000005,0.13017253471735163
14.65,Afternoon,Weekday,4.0,Medium,Clear,4.17,0.8,0.5,96.08,63.93,0.15247710241465445
9.67,Morning,Weekend,4.0,Medium,Clear,2.96,1.94,0.26,42.3,32.7178,0.2286052009456265
5.35,Afternoon,Weekday,1.0,Low,Clear,4.72,1.42,0.12,87.36,22.8002,0.06124084249084249
6.91,Morning,Weekday,3.0,Low,Clear,2.38,0.89,0.42,20.57,17.1693,0.3359261059795819
23.58,Afternoon,Weekday,2.0,Medium,Clear,2.54,0.6,0.34,38.5,29.778,0.6124675324675324
11.11,Morning,Weekday,1.0,Low,Clear,3.48,0.54,0.18,21.64,13.3746,0.5134011090573013
18.85,Afternoon,Weekday,3.0,Low,Clear,2.25,0.87,0.3,98.29,48.1365,0.19177942822260657
25.67,Morning,Weekend,3.0,High,Clear,2.59,1.82,0.4,30.6,61.54940000000001,0.8388888888888889
34.83,Afternoon,Weekday,3.0,Medium,Snow,4.83,1.12,0.41,87.5,79.71459999999999,0.39805714285714283
2.93,Evening,Weekend,2.0,Medium,Snow,4.93,1.58,0.3,113.48,43.60339999999999,0.025819527670074022
40.17,Afternoon,Weekday,2.0,Medium,Rain,3.13,1.88,0.22,65.69,93.1014,0.6115086010047192
31.77,Afternoon,Weekday,4.0,Low,Clear,4.77,1.11,0.49,67.1,72.9137,0.47347242921013416
5.01,Afternoon,Weekend,4.0,Low,Rain,3.63,0.79,0.37,58.02,29.055300000000003,0.08634953464322646
43.81,Afternoon,Weekday,3.0,Medium,Clear,2.81,1.28,0.26,42.48,69.9316,1.0313088512241055
46.12,Afternoon,Weekday,3.0,Low,Clear,4.11,1.86,0.21,59.7,102.4302,0.7725293132328307
14.57,Afternoon,Weekday,4.0,Medium,Clear,4.97,0.6,0.29,118.39,37.39,0.12306782667455021
40.5,Afternoon,Weekend,3.0,Low,Rain,2.8,1.54,0.29,112.84,84.3528,0.358915278270117
37.66,Evening,Weekday,4.0,Medium,Clear,4.02,1.36,0.31,104.15,87.5241,0.36159385501680263
10.04,Afternoon,Weekend,2.0,Low,Clear,2.16,1.86,0.22,107.25,44.4294,0.09361305361305361
11.26,Morning,Weekend,3.0,Medium,Rain,2.34,0.68,0.29,58.8,30.5768,0.19149659863945578
19.15,Afternoon,Weekday,2.0,Medium,Clear,2.01,1.3,0.15,80.61,38.9965,0.23756357771988584
24.74,Night,Weekend,3.0,High,Clear,5.0,1.82,0.36,107.93,88.8816,0.22922264430649492
19.08,Afternoon,Weekend,4.0,Medium,Clear,4.36,1.22,0.1,115.6,39.1976,0.16505190311418685
23.66,Morning,Weekday,3.0,Medium,Clear,3.53,0.61,0.15,52.82,25.8856,0.44793638773191974
37.63,Afternoon,Weekday,2.0,High,Clear,2.9,0.92,0.29,74.12,72.356,0.5076902320561252
2.8,Morning,Weekday,3.0,Low,Clear,2.45,1.22,0.45,86.63,44.2055,0.03232136673207896
13.37,Afternoon,Weekday,2.0,Low,Rain,2.85,1.92,0.19,114.32,50.2412,0.11695241427571729
35.95,Evening,Weekday,2.0,Low,Clear,3.13,0.92,0.41,33.13,49.78730000000001,1.0851192272864474
27.07,Evening,Weekday,1.0,Medium,Clear,2.23,0.74,0.25,35.88,31.2318,0.7544593088071349
6.25,Night,Weekend,4.0,Medium,Snow,2.05,1.23,0.37,94.31,44.6322,0.06627080903403669
22.92,Morning,Weekday,3.0,Low,Clear,2.31,1.61,0.13,68.51,48.11750000000001,0.3345497007736097
27.1,Afternoon,Weekday,4.0,Medium,Clear,3.52,1.8,0.26,81.01,73.0726,0.3345266016541168
12.88,Morning,Weekend,2.0,Low,Clear,4.8,1.44,0.49,42.13,43.9909,0.30572038927130313
14.19,Night,Weekend,1.0,Medium,Clear,3.91,1.5,0.32,61.86,44.507000000000005,0.22938894277400582
19.49,Night,Weekend,4.0,Medium,Rain,4.41,0.69,0.22,76.0,34.5781,0.2564473684210526
25.83,Evening,Weekday,4.0,Low,Clear,3.08,0.7,0.38,27.81,25.3938,0.9288025889967637
11.36,Afternoon,Weekend,1.0,Low,Clear,3.52,1.66,0.36,115.59,62.8,0.09827839778527553
6.87,Morning,Weekday,4.0,High,Clear,4.35,1.9,0.48,89.4,60.315,0.07684563758389261
44.64,Evening,Weekday,1.0,Medium,Rain,2.5,1.58,0.11,52.27,78.7809,0.854027166634781
30.09,Morning,Weekend,2.0,Low,Clear,3.54,1.63,0.22,45.84,62.6715,0.656413612565445
25.83,Evening,Weekday,2.0,Medium,Rain,3.46,0.83,0.47,51.82,56.2678,0.4984561945194905
39.67,Evening,Weekday,1.0,Medium,Clear,3.88,1.16,0.23,52.06,61.871,0.7620053784095274
25.42,Evening,Weekday,4.0,Medium,Clear,4.84,1.43,0.2,67.58,54.7066,0.3761467889908257
5.26,Morning,Weekday,1.0,Low,Clear,3.74,1.65,0.31,67.5,33.344,0.07792592592592593
27.32,Afternoon,Weekday,2.0,Low,Clear,3.62,0.66,0.43,62.17,48.3843,0.439440244490912
29.76,Morning,Weekday,3.0,Medium,Rain,2.15,1.94,0.14,20.5,62.7544,1.451707317073171
37.53,Afternoon,Weekday,4.0,Low,Rain,2.19,1.84,0.48,62.05,101.0292,0.6048348106365834
22.15,Morning,Weekend,2.0,Low,Clear,2.56,0.91,0.42,24.45,32.985499999999995,0.9059304703476482
7.25,Night,Weekday,2.0,Low,Clear,2.1,1.73,0.17,19.51,17.9592,0.37160430548436696
14.91,Afternoon,Weekend,1.0,Medium,Clear,4.23,1.28,0.38,112.25,65.9698,0.13282850779510022
18.79,Afternoon,Weekend,3.0,High,Rain,4.17,1.19,0.25,74.57,45.1726,0.25197800724151803
28.97,Afternoon,Weekday,3.0,Medium,Clear,4.51,1.37,0.41,51.21,65.195,0.565709822300332
18.45,Afternoon,Weekday,4.0,Medium,Clear,2.46,1.59,0.49,109.53,85.4652,0.16844700082169267
49.34,Afternoon,Weekend,4.0,Low,Clear,3.52,1.12,0.15,78.36,69.91480000000001,0.6296579887697805
30.68,Night,Weekday,1.0,Medium,Clear,2.75,1.44,0.27,93.45,72.16069999999999,0.3283039058319957
12.62,Afternoon,Weekday,3.0,Low,Clear,3.12,1.55,0.29,47.38,36.4212,0.266357112705783
5.99,Night,Weekday,3.0,Medium,Clear,2.76,1.57,0.25,115.4,41.014300000000006,0.051906412478336224
8.49,Evening,Weekday,2.0,Low,Snow,3.47,1.22,0.25,99.35,33.2317,0.08545546049320585
13.05,Morning,Weekday,1.0,Low,Clear,3.22,1.79,0.12,103.2,38.9635,0.12645348837209303
8.87,Night,Weekday,3.0,Low,Clear,4.96,1.19,0.37,24.8,24.6913,0.3576612903225806
14.97,Evening,Weekday,2.0,Low,Rain,2.43,0.86,0.18,37.85,22.1172,0.3955085865257596
9.5,Afternoon,Weekday,1.0,Low,Clear,2.16,1.22,0.43,36.15,29.2945,0.2627939142461964
44.94,Evening,Weekday,2.0,High,Clear,3.52,1.83,0.42,103.37,129.5356,0.4347489600464351
4.93,Evening,Weekend,1.0,Medium,Clear,2.16,1.07,0.29,8.67,9.9494,0.5686274509803921
26.7,Evening,Weekday,4.0,Medium,Clear,4.51,1.62,0.22,13.75,50.789,1.9418181818181817
21.11,Evening,Weekend,3.0,High,Clear,3.54,0.65,0.36,36.5,30.4015,0.5783561643835616
49.14,Afternoon,Weekday,3.0,High,Rain,3.58,1.21,0.22,27.99,69.1972,1.7556270096463025
20.49,Afternoon,Weekday,1.0,High,Clear,2.51,1.66,0.39,96.76,74.2598,0.21176105828854896
48.5,Morning,Weekday,4.0,Low,Clear,2.59,0.82,0.12,61.86,50.7312,0.7840284513417394
43.41,Afternoon,Weekday,2.0,Low,Rain,2.96,1.25,0.14,5.66,58.0149,7.669611307420494
41.04,Afternoon,Weekday,2.0,Medium,Clear,3.78,0.85,0.1,54.37,44.101,0.7548280301636933
13.64,Night,Weekend,2.0,Medium,Rain,2.63,1.11,0.16,51.91,26.076,0.26276247351184745
9.37,Afternoon,Weekday,1.0,Medium,Clear,2.35,1.67,0.13,18.1,20.3509,0.5176795580110496
33.76,Evening,Weekday,1.0,Low,Rain,3.52,1.66,0.5,82.76,102.3316,0.40792653455775735
46.54,Morning,Weekday,2.0,Low,Rain,2.07,0.84,0.22,85.74,60.0264,0.542803825519011
28.28,Evening,Weekday,2.0,Medium,Rain,4.41,1.88,0.16,87.9,71.6404,0.3217292377701934
29.01,Afternoon,Weekday,2.0,Low,Clear,4.36,1.39,0.2,88.77,62.4379,0.32679959445758705
14.72,Afternoon,Weekday,4.0,Medium,Clear,2.89,1.07,0.47,5.01,20.9951,2.9381237524950103
38.71,Afternoon,Weekday,2.0,Medium,Rain,2.41,1.25,0.31,114.7,86.3545,0.337489102005231
10.17,Evening,Weekday,1.0,Medium,Clear,3.52,1.41,0.25,98.63,41.4372,0.10311264321200446
16.86,Morning,Weekday,1.0,Medium,Clear,4.09,1.34,0.45,108.96,75.7144,0.15473568281938327
21.85,Afternoon,Weekday,3.0,High,Rain,3.93,1.23,0.26,6.8,32.5735,3.213235294117647
25.87,Afternoon,Weekday,2.0,Low,Rain,4.35,1.26,0.23,112.39,62.7959,0.230180621051695
12.88,Morning,Weekday,4.0,Medium,Rain,4.81,0.76,0.18,98.13,32.2622,0.13125445837154795
6.63,Afternoon,Weekend,4.0,Medium,Clear,4.08,1.72,0.25,101.28,40.8036,0.06546208530805687
30.92,Morning,Weekday,4.0,Low,Rain,2.47,1.31,0.23,15.73,46.5931,1.9656706929434202
15.14,Morning,Weekday,3.0,Low,Rain,2.73,0.7,0.37,89.96,46.61319999999999,0.168297020898177
29.48,Morning,Weekday,2.0,Low,Clear,4.53,1.65,0.22,115.39,78.5578,0.2554814108674929
8.56,Night,Weekend,4.0,Medium,Clear,2.63,1.22,0.33,83.03,46.2939,0.10309526677104662
24.58,Afternoon,Weekend,1.0,Medium,Clear,2.22,1.92,0.13,70.61,58.59289999999999,0.348109332955672
27.1,Afternoon,Weekday,3.0,High,Clear,4.11,1.05,0.18,113.75,53.040000000000006,0.23824175824175825
3.54,Afternoon,Weekend,2.0,Low,Snow,3.21,0.7,0.26,55.94,20.2324,0.06328208795137648
17.49,Afternoon,Weekday,2.0,Low,Clear,4.76,1.28,0.47,73.92,61.8896,0.23660714285714282
7.59,Afternoon,Weekday,2.0,High,Clear,3.95,0.67,0.25,59.78,23.9803,0.12696554031448645
4.11,Afternoon,Weekend,4.0,Low,Snow,2.27,1.9,0.37,112.28,51.6226,0.036604916280726756
49.51,Morning,Weekend,2.0,Medium,Clear,4.84,0.78,0.2,13.75,46.207800000000006,3.6007272727272728
16.8,Afternoon,Weekday,4.0,Medium,Rain,2.78,0.88,0.29,62.63,26.9585,0.2682420565224333
40.68,Morning,Weekday,3.0,Low,Clear,3.01,1.11,0.12,84.0,58.2448,0.48428571428571426
13.48,Afternoon,Weekday,3.0,Low,Rain,3.21,1.07,0.22,96.07,38.769,0.14031435411678986
34.39,Afternoon,Weekday,4.0,Low,Clear,2.15,1.69,0.16,72.05,71.7971,0.4773074253990285
38.25,Morning,Weekday,1.0,Low,Rain,3.49,1.18,0.17,109.53,67.24510000000001,0.34921939194741164
30.19,Morning,Weekday,2.0,Medium,Clear,2.37,0.76,0.4,113.33,70.6464,0.2663901879467043
24.11,Evening,Weekday,2.0,Medium,Clear,3.2,0.9,0.11,12.4,26.263,1.9443548387096774
21.18,Afternoon,Weekday,2.0,Low,Rain,3.05,1.26,0.32,51.27,46.1432,0.41310708016383846
18.09,Morning,Weekday,4.0,Medium,Clear,4.32,0.72,0.25,7.7,19.2698,2.349350649350649
46.55,Night,Weekday,3.0,High,Clear,4.41,1.42,0.3,42.88,83.375,1.085587686567164
41.7,Afternoon,Weekday,2.0,Low,Clear,2.46,1.35,0.33,66.74,80.7792,0.6248127060233744
48.29,Afternoon,Weekend,3.0,Medium,Rain,3.1,1.57,0.23,109.74,104.1555,0.4400400947694551
7.09,Night,Weekend,2.0,Low,Clear,3.52,1.91,0.22,102.35,39.1789,0.06927210552027357
36.81,Morning,Weekday,2.0,Low,Clear,2.45,1.87,0.39,19.66,78.95210000000002,1.872329603255341
46.98,Morning,Weekend,4.0,Low,Clear,4.4,1.92,0.45,15.7,101.6666,2.992356687898089
9.88,Morning,Weekend,1.0,Medium,Clear,4.12,0.87,0.18,72.77,25.8142,0.13577023498694518
4.26,Afternoon,Weekend,4.0,Low,Clear,2.57,0.7,0.14,66.19,14.8186,0.06436017525305937
37.31,Morning,Weekday,2.0,High,Clear,3.1,0.95,0.46,35.63,54.9343,1.0471512770137525
29.15,Afternoon,Weekday,2.0,Medium,Clear,2.32,1.84,0.24,108.44,81.9816,0.2688122464035411
25.83,Morning,Weekday,1.0,Medium,Clear,3.88,1.96,0.32,111.65,122.418,0.23134796238244512
7.85,Afternoon,Weekday,3.0,Low,Clear,2.36,1.22,0.24,51.3,28.7235,0.1530214424951267
39.97,Night,Weekday,3.0,Medium,Rain,4.96,0.67,0.15,107.38,47.846900000000005,0.37222946544980445
10.88,Evening,Weekday,2.0,Medium,Clear,3.52,1.92,0.34,61.86,41.9406,0.17588102166181702
9.05,Afternoon,Weekend,2.0,Medium,Clear,3.74,0.51,0.18,59.73,19.1069,0.15151515151515155
40.91,Afternoon,Weekday,1.0,Medium,Clear,4.73,1.16,0.28,19.1,57.53359999999999,2.1418848167539264
33.59,Afternoon,Weekday,1.0,Low,Rain,3.66,0.57,0.42,111.71,69.7245,0.3006892847551697
26.63,Afternoon,Weekend,2.0,High,Clear,2.52,1.22,0.34,57.22,57.1264,0.46539671443551206
25.83,Morning,Weekend,1.0,Low,Clear,3.14,1.22,0.14,89.47,34.4316,0.2887001229462389
43.98,Evening,Weekend,4.0,Low,Clear,4.53,1.21,0.32,47.22,72.8562,0.9313850063532401
20.23,Afternoon,Weekend,2.0,Low,Clear,3.93,1.42,0.38,7.17,35.3812,2.821478382147838
41.01,Morning,Weekday,1.0,Medium,Clear,3.95,1.8,0.42,16.56,84.7232,2.476449275362319
19.47,Afternoon,Weekday,2.0,Low,Clear,4.68,1.15,0.16,84.35,40.56649999999999,0.23082394783639598
23.67,Evening,Weekday,1.0,Medium,Snow,4.76,1.73,0.38,43.49,62.2353,0.5442630489767762
15.77,Evening,Weekday,3.0,Low,Clear,2.28,1.86,0.37,61.86,63.0548,0.25493048819915937
37.63,Evening,Weekday,4.0,Medium,Clear,3.63,0.68,0.11,85.34,38.6058,0.4409421138973518
25.63,Morning,Weekday,3.0,Medium,Rain,4.22,1.3,0.26,85.95,59.886,0.29819662594531704
12.38,Afternoon,Weekday,2.0,Medium,Rain,4.27,0.93,0.23,61.64,29.9606,0.2008436080467229
45.08,Afternoon,Weekend,2.0,High,Clear,3.82,0.57,0.29,110.21,70.29329999999999,0.4090372924417022
19.81,Morning,Weekday,3.0,Low,Rain,2.5,1.5,0.19,61.26,43.8544,0.32337577538361084
45.42,Evening,Weekend,3.0,Medium,Clear,4.16,0.74,0.47,27.93,50.89789999999999,1.6262083780880774
31.59,Morning,Weekday,3.0,High,Clear,2.26,1.72,0.42,40.38,73.5544,0.7823179791976226
6.73,Afternoon,Weekday,4.0,Low,Clear,3.39,1.78,0.47,9.87,20.0083,0.6818642350557245
47.05,Morning,Weekday,4.0,Low,Snow,2.52,1.87,0.49,77.86,128.6549,0.6042897508348317
31.76,Morning,Weekday,3.0,Low,Clear,3.01,0.9,0.1,33.58,34.952,0.9458010720667065
7.82,Night,Weekend,2.0,Low,Rain,3.2,0.98,0.27,93.64,36.1464,0.08351131994873985
39.91,Evening,Weekday,4.0,Medium,Clear,3.65,1.33,0.44,42.63,75.4875,0.9361951677222612
31.38,Night,Weekday,4.0,High,Clear,3.86,0.58,0.2,32.85,28.6304,0.9552511415525113
27.14,Afternoon,Weekend,2.0,Medium,Clear,3.99,0.57,0.49,24.44,31.4354,1.1104746317512275
44.8,Morning,Weekend,1.0,Low,Clear,4.51,1.58,0.35,94.11,108.2325,0.47603867814259904
39.64,Afternoon,Weekday,4.0,Medium,Rain,2.65,1.17,0.42,19.92,57.3952,1.9899598393574296
16.27,Evening,Weekday,1.0,High,Rain,4.55,0.79,0.17,61.86,28.164300000000004,0.26301325573876494
13.18,Morning,Weekday,4.0,Medium,Clear,2.47,1.5,0.4,84.05,55.86,0.1568114217727543
37.45,Afternoon,Weekday,4.0,Low,Clear,4.92,0.5,0.11,77.83,32.2063,0.4811769240652705
2.64,Morning,Weekday,1.0,Medium,Snow,4.53,1.71,0.43,98.23,51.2833,0.02687569988801792
28.92,Afternoon,Weekend,1.0,Medium,Clear,3.5,0.62,0.11,10.15,22.5469,2.8492610837438423
38.36,Evening,Weekday,3.0,Medium,Clear,4.94,0.79,0.36,39.09,49.3168,0.981325147096444
43.96,Afternoon,Weekday,2.0,Low,Clear,2.29,1.08,0.25,37.22,59.0718,1.1810854379365934
17.76,Afternoon,Weekday,2.0,Low,Rain,2.91,1.22,0.34,21.79,32.1634,0.8150527765029831
41.24,Afternoon,Weekday,1.0,High,Clear,3.91,1.03,0.38,38.26,60.92600000000001,1.0778881338212234
25.83,Afternoon,Weekday,1.0,Medium,Clear,3.05,0.98,0.24,61.86,19.0904,0.41755577109602326
42.48,Evening,Weekday,4.0,High,Clear,4.79,1.95,0.14,65.02,96.7288,0.6533374346354968
7.25,Afternoon,Weekend,3.0,Low,Clear,2.2,1.46,0.13,81.33,23.3579,0.08914299766383868
20.47,Night,Weekday,3.0,Medium,Rain,3.65,1.22,0.34,48.83,31.306,0.41920950235510956
25.83,Evening,Weekday,1.0,Medium,Clear,3.77,1.15,0.31,87.74,77.0499,0.29439252336448596
8.35,Afternoon,Weekday,4.0,Medium,Clear,3.96,1.81,0.4,43.66,36.5375,0.19125057260650483
12.23,Afternoon,Weekday,4.0,Medium,Clear,2.77,0.95,0.3,38.38,25.9025,0.31865554976550287
36.39,Afternoon,Weekday,2.0,Low,Clear,3.09,0.64,0.27,67.24,44.5344,0.5411957168352172
36.28,Afternoon,Weekday,2.0,Low,Rain,4.53,1.64,0.29,7.73,66.039,4.693402328589909
32.42,Evening,Weekday,4.0,Low,Clear,2.58,1.41,0.11,14.18,49.852,2.286318758815233
35.0,Morning,Weekday,2.0,Low,Snow,4.48,1.36,0.23,53.07,64.2861,0.6595063124175617
27.59,Night,Weekend,1.0,Medium,Clear,3.69,0.58,0.49,113.43,75.27289999999999,0.2432337124217579
13.34,Afternoon,Weekend,4.0,Low,Clear,4.29,0.71,0.45,87.97,53.3479,0.15164260543367056
17.94,Afternoon,Weekday,2.0,Low,Rain,4.14,1.43,0.29,15.13,33.2741,1.1857237276933246
9.9,Afternoon,Weekend,3.0,Medium,Clear,2.62,0.81,0.34,102.33,45.4312,0.09674582233948989
45.51,Evening,Weekday,4.0,Medium,Rain,3.71,1.26,0.44,89.21,100.305,0.5101446026230243
29.59,Afternoon,Weekend,4.0,High,Snow,4.6,1.32,0.28,75.26,64.73160000000001,0.39317034281158647
20.64,Afternoon,Weekday,3.0,Medium,Clear,3.3,0.93,0.11,99.33,33.4215,0.2077922077922078
47.42,Afternoon,Weekend,3.0,High,Rain,3.36,1.22,0.3,30.47,95.9602,1.5562848703642929
8.51,Morning,Weekday,4.0,Medium,Clear,2.43,1.58,0.49,63.88,47.177,0.13321853475266124
29.73,Evening,Weekend,1.0,Low,Clear,3.17,1.22,0.38,68.12,47.488200000000006,0.43643570170287727
25.79,Afternoon,Weekday,2.0,Medium,Clear,4.86,0.66,0.13,66.91,30.5797,0.3854431325661336
30.96,Afternoon,Weekday,2.0,High,Clear,2.96,1.24,0.18,69.98,53.9468,0.442412117747928
1.89,Morning,Weekday,2.0,Low,Clear,4.6,0.74,0.41,114.1,52.77959999999999,0.016564417177914112
43.73,Morning,Weekday,4.0,Low,Clear,4.64,1.97,0.44,108.76,138.6425,0.40207796984185357
25.83,Evening,Weekday,2.0,Low,Clear,3.05,0.74,0.35,105.71,74.58429999999998,0.24434774382745247
108.14699381139414,Morning,Weekday,1.0,Low,Clear,2.25,1.22,0.36,97.16,239.17140732641303,1.1130814513317635
35.14,Morning,Weekend,2.0,Medium,Clear,4.17,1.05,0.11,113.49,53.550900000000006,0.3096308044761653
46.2,Morning,Weekday,1.0,Medium,Clear,2.93,1.46,0.43,16.33,77.40390000000001,2.8291488058787513
35.65,Night,Weekend,4.0,Low,Rain,4.35,0.69,0.42,35.49,43.8543,1.0045083122006198
8.47,Evening,Weekend,2.0,High,Clear,3.33,1.15,0.2,61.93,25.4565,0.13676731793960925
29.24,Afternoon,Weekend,4.0,Medium,Rain,3.46,0.91,0.38,61.86,68.9614,0.4726802457161332
30.73,Morning,Weekend,3.0,Medium,Rain,4.33,1.83,0.19,63.09,72.553,0.487081946425741
21.78,Afternoon,Weekday,4.0,Low,Clear,3.15,0.56,0.12,91.02,26.2692,0.23928806855636126
37.09,Evening,Weekend,4.0,Low,Clear,3.33,1.87,0.18,61.86,76.46470000000001,0.5995796960879406
46.78,Afternoon,Weekend,3.0,Medium,Clear,3.13,1.75,0.17,34.03,90.7801,1.3746694093446958
46.35,Morning,Weekday,1.0,Medium,Clear,3.1,0.95,0.24,89.15,68.52850000000001,0.519910263600673
23.09,Morning,Weekday,3.0,High,Rain,3.58,1.68,0.29,23.94,48.835,0.9644945697577276
6.55,Morning,Weekend,3.0,Medium,Rain,4.43,0.55,0.3,45.41,21.6555,0.14424135652939882
49.26,Afternoon,Weekday,4.0,Low,Clear,3.09,1.95,0.29,35.46,109.4304,1.38917089678511
42.11,Evening,Weekday,1.0,High,Clear,3.57,1.29,0.21,45.23,67.3902,0.9310192350210038
7.11,Morning,Weekday,2.0,Low,Rain,4.01,0.95,0.11,86.46,20.2751,0.08223455933379599
25.83,Morning,Weekday,3.0,High,Snow,2.81,1.04,0.34,61.86,66.85679999999999,0.41755577109602326
43.62,Morning,Weekday,2.0,High,Clear,2.83,0.6,0.26,68.86,46.90559999999999,0.6334591925646238
26.42,Night,Weekend,3.0,Low,Clear,4.8,1.98,0.22,16.49,60.7394,1.6021831412977565
29.97,Morning,Weekday,3.0,Medium,Clear,4.17,0.56,0.45,97.58,64.86420000000001,0.3071326091412175
20.55,Evening,Weekday,3.0,Low,Snow,3.73,1.48,0.4,47.54,53.16,0.4322675641564998
3.68,Afternoon,Weekday,3.0,Medium,Clear,3.94,1.16,0.44,79.58,43.224,0.04624277456647399
17.42,Afternoon,Weekday,4.0,Medium,Clear,2.09,1.92,0.3,88.42,62.0624,0.19701425016964488
40.34,Morning,Weekend,1.0,Medium,Clear,3.85,0.87,0.15,29.11,43.31230000000001,1.3857780831329443
1.23,Morning,Weekday,1.0,Low,Clear,3.53,1.3,0.38,106.74,45.6902,0.011523327712197865
25.83,Afternoon,Weekday,1.0,Medium,Clear,3.64,1.22,0.18,75.87,38.4514,0.3404507710557532
20.51,Evening,Weekday,3.0,Medium,Snow,3.08,1.55,0.28,54.3,50.07450000000001,0.3777163904235728
27.33,Afternoon,Weekday,4.0,High,Clear,2.24,0.6,0.13,25.97,22.0141,1.052368117058144
46.07,Afternoon,Weekend,3.0,High,Clear,2.58,0.79,0.43,113.36,87.7201,0.4064043754410727
17.97,Morning,Weekend,3.0,Low,Clear,4.85,0.82,0.15,91.83,33.3599,0.19568768376347598
18.0,Night,Weekday,1.0,Low,Clear,3.23,1.61,0.46,28.92,45.513200000000005,0.6224066390041494
37.14,Evening,Weekday,3.0,Low,Clear,3.4,0.78,0.45,43.84,52.0972,0.8471715328467153
23.16,Morning,Weekday,2.0,High,Clear,2.16,1.36,0.29,98.11,62.1095,0.2360615635511161
25.83,Night,Weekday,3.0,Low,Clear,2.11,0.82,0.4,85.0,45.9582,0.30388235294117644
23.17,Afternoon,Weekday,2.0,Low,Clear,4.15,1.79,0.35,93.07,78.1988,0.24895240141828734
7.9,Afternoon,Weekday,3.0,Medium,Clear,3.61,1.91,0.42,55.74,42.1098,0.14172945819878005
9.64,Evening,Weekday,4.0,Medium,Clear,3.53,1.28,0.29,87.39,39.4645,0.11031010413090743
25.42,Evening,Weekday,4.0,Low,Snow,2.73,1.03,0.41,49.45,49.1871,0.5140546006066734
126.54762829842768,Afternoon,Weekend,1.0,Low,Clear,4.23,0.85,0.28,29.3,224.9146628555729,4.319031682540194
45.83,Morning,Weekend,3.0,Medium,Clear,2.5,0.57,0.48,61.86,65.9479,0.7408664726802457
18.76,Afternoon,Weekday,2.0,High,Clear,2.57,0.9,0.29,117.24,53.4536,0.16001364721937908
25.83,Morning,Weekday,3.0,Low,Clear,2.86,1.3,0.41,58.01,68.2181,0.4452680572315118
1.64,Afternoon,Weekday,2.0,Medium,Rain,2.74,1.92,0.43,82.51,41.3681,0.01987637862077324
33.51,Afternoon,Weekend,4.0,Low,Rain,3.94,1.09,0.32,67.27,61.9923,0.4981418165601308
9.72,Afternoon,Weekend,2.0,High,Clear,3.95,1.54,0.17,101.99,36.2571,0.09530346112363958
48.09,Afternoon,Weekend,1.0,High,Clear,4.47,1.23,0.29,92.6,90.4747,0.519330453563715
8.28,Night,Weekday,4.0,Medium,Snow,3.25,1.27,0.49,11.7,19.4986,0.7076923076923077
25.83,Morning,Weekday,4.0,Low,Clear,2.22,0.9,0.4,119.82,69.336,0.21557336004006009
25.83,Morning,Weekend,4.0,Medium,Clear,2.82,1.18,0.42,91.53,47.375,0.2822025565388397
49.85,Morning,Weekday,3.0,Medium,Clear,4.94,1.21,0.11,104.35,76.737,0.47771921418303787
25.61,Evening,Weekday,3.0,High,Clear,3.79,1.56,0.29,79.89,66.9097,0.3205657779446739
30.17,Afternoon,Weekday,4.0,Medium,Clear,4.13,1.91,0.36,103.47,99.0039,0.29158210109210403
4.29,Morning,Weekday,3.0,Medium,Rain,2.02,0.99,0.43,17.92,13.9727,0.2393973214285714
37.75,Evening,Weekday,2.0,Medium,Snow,3.55,0.56,0.12,44.99,30.0888,0.839075350077795
11.29,Evening,Weekday,3.0,Medium,Clear,2.11,1.22,0.44,105.79,62.6572,0.10672086208526324
45.0,Evening,Weekend,3.0,High,Clear,3.71,1.32,0.32,28.19,72.13080000000001,1.596310748492373
11.05,Night,Weekday,4.0,Medium,Clear,4.76,0.75,0.18,14.0,15.5675,0.7892857142857144
10.34,Morning,Weekday,1.0,Medium,Clear,4.91,1.64,0.29,95.63,43.8625,0.10812506535605981
2.79,Evening,Weekday,1.0,Low,Clear,3.62,1.98,0.21,101.08,30.371,0.027601899485555997
24.13,Afternoon,Weekday,1.0,Low,Snow,3.37,1.92,0.31,23.71,57.0497,1.0177140447068747
28.68,Evening,Weekday,2.0,Medium,Rain,4.84,1.22,0.12,103.25,40.174,0.27777239709443097
4.22,Evening,Weekday,3.0,Low,Clear,4.02,1.81,0.16,83.98,25.095,0.05025005953798523
39.0,Evening,Weekend,1.0,Low,Clear,2.19,1.56,0.43,64.81,90.8983,0.6017589878105231
23.21,Afternoon,Weekday,4.0,Medium,Clear,3.4,1.18,0.15,100.48,45.85979999999999,0.23099124203821655
26.7,Morning,Weekend,1.0,Medium,Clear,2.72,1.31,0.19,53.21,47.8069,0.5017853786882165
22.6,Afternoon,Weekday,1.0,Medium,Clear,3.41,1.77,0.28,27.31,51.058800000000005,0.8275357012083486
20.64,Night,Weekday,3.0,Low,Clear,3.37,1.22,0.31,37.76,40.2564,0.5466101694915255
28.42,Night,Weekday,3.0,Medium,Snow,3.75,1.06,0.41,63.09,59.74210000000001,0.45046758598827075
8.61,Morning,Weekday,3.0,Low,Clear,3.07,1.24,0.28,66.1,32.2544,0.1302571860816944
9.91,Morning,Weekend,2.0,Medium,Clear,2.49,1.22,0.42,97.64,57.075500000000005,0.10149528881605899
43.23,Morning,Weekday,2.0,Low,Rain,3.51,0.78,0.35,96.01,70.8329,0.45026559733361105
47.36,Evening,Weekday,1.0,Low,Clear,3.52,1.85,0.15,71.86,102.885,0.6590592819371
19.29,Evening,Weekend,3.0,Low,Clear,3.99,1.51,0.16,94.79,48.2843,0.2035024791644688
25.83,Afternoon,Weekday,4.0,Low,Clear,4.81,0.65,0.26,10.76,28.7716,2.400557620817844
21.03,Evening,Weekday,4.0,Low,Clear,4.74,1.41,0.4,105.47,76.5803,0.19939319237697925
2.24,Evening,Weekend,3.0,Medium,Clear,2.63,0.68,0.33,13.69,8.6709,0.16362308254200147
8.65,Afternoon,Weekday,3.0,Medium,Rain,2.12,0.62,0.26,33.37,16.1592,0.25921486364998503
36.08,Afternoon,Weekday,4.0,Low,Clear,3.52,1.29,0.17,84.96,65.2064,0.4246704331450094
33.29,Afternoon,Weekday,3.0,High,Clear,4.48,1.1,0.19,52.09,50.996100000000006,0.6390861969667881
2.33,Morning,Weekday,2.0,Low,Rain,3.52,1.38,0.33,105.78,43.0228,0.0220268481754585
11.88,Afternoon,Weekday,2.0,Medium,Clear,4.67,0.63,0.27,39.27,22.7573,0.3025210084033613
12.32,Afternoon,Weekday,3.0,Low,Clear,3.8,1.15,0.31,6.37,19.9427,1.934065934065934
33.92,Evening,Weekend,4.0,Low,Clear,3.59,0.76,0.17,39.58,36.09780000000001,0.8569984840828703
1.97,Afternoon,Weekday,1.0,Medium,Clear,2.08,1.98,0.37,71.48,32.428200000000004,0.027560156687185224
6.1,Evening,Weekday,3.0,Medium,Clear,2.74,1.34,0.29,48.23,32.1352,0.12647729628861704
40.2,Morning,Weekday,3.0,High,Clear,3.38,1.53,0.2,66.51,78.18800000000002,0.6044203879115922
9.75,Afternoon,Weekend,1.0,Medium,Clear,3.89,0.99,0.3,105.81,45.2855,0.09214629997164729
32.98,Morning,Weekday,3.0,High,Clear,3.67,0.64,0.49,109.94,78.64779999999999,0.29998180825905035
12.67,Morning,Weekday,1.0,Low,Snow,3.52,1.96,0.23,35.59,37.2489,0.35599887608878894
5.87,Evening,Weekend,4.0,Low,Clear,2.84,0.93,0.34,58.15,28.0701,0.1009458297506449
36.39,Morning,Weekday,4.0,Low,Clear,2.26,1.47,0.34,114.15,94.5643,0.3187910643889619
42.93,Afternoon,Weekday,2.0,Medium,Clear,3.24,0.54,0.14,119.84,43.19980000000001,0.35822763684913217
20.46,Morning,Weekday,2.0,Low,Clear,4.08,1.3,0.39,88.6,65.232,0.23092550790067723
33.74,Afternoon,Weekday,4.0,High,Rain,4.97,0.92,0.42,48.47,56.3682,0.6961006808335053
11.04,Evening,Weekend,2.0,High,Clear,2.83,0.59,0.38,5.93,11.596999999999998,1.8617200674536256
15.36,Afternoon,Weekday,1.0,Low,Clear,3.49,0.74,0.34,6.06,16.9168,2.5346534653465347
44.92,Morning,Weekday,2.0,Low,Clear,2.99,1.84,0.28,57.97,101.8744,0.7748835604623081
1.64,Afternoon,Weekday,3.0,Low,Clear,3.32,1.53,0.44,61.16,32.7396,0.026814911706998037
5.19,Evening,Weekday,4.0,Low,Rain,4.57,0.87,0.48,7.6,12.7333,0.6828947368421053
11.19,Afternoon,Weekday,3.0,Low,Clear,4.05,0.6,0.3,84.0,35.964,0.1332142857142857
2.3,Morning,Weekend,1.0,Medium,Snow,3.52,1.54,0.47,38.81,26.4327,0.05926307652666837
9.89,Evening,Weekday,2.0,Low,Snow,2.61,1.36,0.33,69.39,38.95910000000001,0.14252774174953164
29.57,Afternoon,Weekday,3.0,Low,Clear,4.62,1.11,0.32,39.61,50.117900000000006,0.746528654380207
21.65,Evening,Weekday,3.0,High,Clear,2.18,1.05,0.29,24.22,31.6941,0.893889347646573
44.74,Morning,Weekday,2.0,Medium,Rain,4.67,0.83,0.18,51.82,51.1318,0.8633732149749132
41.05,Night,Weekday,2.0,High,Snow,2.99,1.5,0.1,31.71,67.736,1.2945443077893408
17.75,Afternoon,Weekday,4.0,Low,Clear,3.52,1.96,0.2,66.5,51.03,0.2669172932330827
13.71,Afternoon,Weekday,3.0,Low,Clear,3.54,0.76,0.3,27.87,22.3206,0.49192680301399355
19.6,Morning,Weekday,3.0,Medium,Clear,4.82,1.4,0.29,63.47,48.127500000000005,0.3088073105404128
14.14,Evening,Weekday,4.0,Low,Clear,3.06,1.22,0.49,82.16,59.8622,0.17210321324245376
31.58,Night,Weekend,1.0,Medium,Rain,4.57,0.88,0.24,91.7,54.3684,0.3443838604143947
21.06,Afternoon,Weekend,3.0,Medium,Clear,3.19,1.74,0.28,17.7,44.7904,1.1898305084745762
28.05,Afternoon,Weekday,1.0,Medium,Clear,2.6,1.23,0.15,58.8,45.9215,0.47704081632653067
22.37,Evening,Weekday,3.0,Medium,Clear,3.27,1.32,0.12,13.15,34.376400000000004,1.7011406844106465
15.43,Evening,Weekend,3.0,Medium,Clear,3.16,0.96,0.41,73.79,48.2267,0.20910692505759587
47.47,Afternoon,Weekend,1.0,Low,Clear,4.75,1.22,0.33,35.41,52.9872,1.340581756565942
38.42,Afternoon,Weekday,1.0,Low,Clear,4.29,0.63,0.4,65.68,54.76660000000001,0.5849573690621194
7.87,Afternoon,Weekday,2.0,Low,Clear,3.52,1.57,0.16,64.51,26.1975,0.12199658967601922
24.88,Morning,Weekend,2.0,High,Clear,3.4,1.54,0.2,68.14,55.3432,0.36513061344291164
44.83,Afternoon,Weekend,3.0,Medium,Snow,2.17,1.09,0.19,72.04,64.7223,0.622293170460855
40.19,Afternoon,Weekday,1.0,Medium,Clear,2.79,1.12,0.1,51.19,52.9218,0.7851142801328385
21.84,Evening,Weekday,4.0,Low,Clear,3.31,1.2,0.15,114.14,46.639,0.19134396355353075
2.1,Morning,Weekend,3.0,Low,Clear,3.52,1.05,0.22,94.38,25.4386,0.022250476795931343
14.17,Afternoon,Weekend,4.0,Low,Snow,4.84,0.65,0.15,37.82,19.7235,0.37466948704389214
27.54,Afternoon,Weekend,1.0,Low,Clear,4.3,0.96,0.49,102.08,80.7576,0.2697884012539185
32.04,Afternoon,Weekend,3.0,Low,Clear,3.52,1.5,0.22,54.73,62.9006,0.5854193312625617
13.64,Morning,Weekday,4.0,Medium,Rain,3.77,1.5,0.15,100.3,39.275,0.13599202392821536
7.83,Afternoon,Weekday,4.0,Medium,Clear,4.16,0.93,0.18,99.63,29.3753,0.07859078590785909
41.91,Afternoon,Weekday,2.0,Medium,Clear,4.82,1.19,0.34,26.72,63.7777,1.5684880239520957
49.24,Afternoon,Weekday,2.0,Medium,Clear,4.64,0.79,0.13,85.63,54.67150000000001,0.5750321149129979
26.76,Afternoon,Weekday,2.0,High,Clear,3.55,0.82,0.44,38.42,42.398,0.6965122332118688
9.41,Afternoon,Weekend,3.0,Low,Clear,4.32,0.53,0.48,39.21,28.1281,0.2399897985207855
14.34,Evening,Weekday,1.0,Low,Rain,3.69,1.85,0.29,61.86,38.035,0.2318137730358875
1.9,Morning,Weekend,1.0,Low,Clear,3.66,0.82,0.28,88.44,29.9812,0.021483491632745363
6.77,Afternoon,Weekend,2.0,High,Clear,2.38,0.92,0.36,5.1,10.4444,1.3274509803921568
25.83,Morning,Weekday,2.0,Low,Rain,3.59,0.69,0.27,87.25,47.33,0.2960458452722063
14.43,Morning,Weekday,4.0,High,Clear,2.81,1.46,0.21,24.69,29.0627,0.5844471445929525
28.15,Afternoon,Weekday,2.0,High,Clear,2.06,0.61,0.18,17.02,22.2951,1.653936545240893
32.92,Evening,Weekday,4.0,Low,Clear,4.17,0.7,0.36,32.31,38.8456,1.0188796038378212
25.83,Evening,Weekend,1.0,Low,Snow,2.1,1.47,0.27,48.69,76.48649999999999,0.5304990757855822
11.11,Evening,Weekend,3.0,Medium,Clear,3.79,1.01,0.17,59.73,25.1652,0.1860036832412523
1.54,Afternoon,Weekday,3.0,High,Clear,3.62,1.56,0.38,10.13,9.8718,0.15202369200394866
7.71,Afternoon,Weekday,3.0,Low,Clear,4.91,1.22,0.33,116.62,53.726,0.06611215914937403
45.1,Morning,Weekday,3.0,Medium,Clear,3.52,0.88,0.44,87.35,81.572,0.5163136805953062
43.82,Afternoon,Weekday,4.0,Low,Clear,2.19,1.48,0.15,42.17,73.3691,1.0391273417121176
30.27,Afternoon,Weekend,4.0,Medium,Clear,3.66,0.67,0.41,41.65,41.0174,0.7267707082833134
30.43,Morning,Weekend,2.0,Medium,Clear,4.52,1.3,0.37,56.58,65.0136,0.5378225521385649
33.59,Morning,Weekday,4.0,Medium,Clear,4.99,1.16,0.15,77.02,55.5074,0.43612048818488713
9.59,Afternoon,Weekend,2.0,High,Clear,3.29,0.9,0.38,21.83,20.2164,0.4393037104901512
45.81,Evening,Weekday,2.0,High,Clear,3.52,1.41,0.28,26.73,75.03649999999999,1.7138047138047139
21.52,Night,Weekend,3.0,High,Rain,4.72,1.81,0.48,103.83,93.5096,0.20726187036501975
19.77,Night,Weekday,4.0,Low,Clear,2.57,2.0,0.16,34.47,47.6252,0.5735422106179286
26.43,Afternoon,Weekend,4.0,Medium,Clear,3.85,1.41,0.36,48.72,58.65549999999999,0.5424876847290641
3.3,Afternoon,Weekend,2.0,Low,Clear,3.22,1.11,0.25,105.2,33.183,0.03136882129277566
9.15,Afternoon,Weekday,2.0,Medium,Snow,2.12,0.84,0.48,81.26,48.8108,0.11260152596603494
37.16,Evening,Weekend,1.0,Medium,Snow,3.04,0.89,0.23,44.3,46.3014,0.8388261851015801
5.06,Morning,Weekday,1.0,Medium,Clear,2.8,1.22,0.48,83.63,49.11559999999999,0.06050460361114433
25.83,Afternoon,Weekday,2.0,Medium,Clear,4.06,1.05,0.46,7.26,39.4771,3.5578512396694215
13.02,Evening,Weekday,1.0,High,Clear,4.85,1.87,0.29,89.6,48.0134,0.1453125
20.08,Afternoon,Weekend,1.0,Low,Clear,2.8,1.05,0.42,61.86,49.5082,0.3246039443905593
15.15,Afternoon,Weekend,2.0,Low,Clear,4.43,1.06,0.5,98.52,69.749,0.15377588306942755
18.43,Afternoon,Weekend,2.0,Low,Clear,2.17,1.08,0.2,114.78,45.03040000000001,0.16056804321310333
36.23,Morning,Weekend,4.0,Low,Rain,3.61,1.22,0.27,61.86,97.1094,0.5856773359198189
15.56,Afternoon,Weekday,2.0,Low,Rain,2.21,1.48,0.29,109.57,59.2055,0.14200967418088895
28.75,Afternoon,Weekend,2.0,High,Rain,4.8,1.42,0.22,63.9,59.68299999999999,0.44992175273865415
24.33,Morning,Weekday,3.0,High,Clear,4.3,1.0,0.11,46.42,33.7362,0.5241275312365359
25.83,Morning,Weekday,4.0,High,Clear,3.97,1.73,0.19,58.48,73.0708,0.4416894664842681
46.9,Evening,Weekday,4.0,High,Clear,4.47,0.56,0.21,84.34,48.44540000000001,0.5560825231207018
36.9,Morning,Weekend,4.0,Low,Clear,3.94,1.81,0.28,106.66,100.5938,0.3459591224451528
11.53,Afternoon,Weekend,3.0,Low,Rain,4.91,1.27,0.17,61.86,24.4491,0.18638861946330423
2.53,Morning,Weekday,2.0,Medium,Clear,4.14,1.1,0.45,110.59,56.688500000000005,0.022877294511257796
13.85,Night,Weekday,4.0,Medium,Clear,4.77,1.25,0.38,98.75,59.6075,0.14025316455696202
3.52,Afternoon,Weekday,2.0,Low,Clear,2.35,1.22,0.36,106.23,42.4232,0.033135649063353104
25.32,Evening,Weekend,4.0,Medium,Rain,3.58,1.81,0.36,37.19,62.7976,0.680828179618177
30.25,Evening,Weekend,2.0,Medium,Clear,2.38,1.17,0.48,17.18,46.0189,1.760768335273574
17.38,Morning,Weekday,2.0,Low,Rain,3.78,1.01,0.1,17.91,23.1248,0.9704075935231713
38.77,Evening,Weekday,1.0,Medium,Clear,3.45,0.71,0.2,38.49,38.6747,1.0072746167835802
6.22,Afternoon,Weekend,4.0,Medium,Clear,3.87,1.16,0.47,75.63,46.6313,0.08224249636387677
4.68,Afternoon,Weekend,4.0,Medium,Rain,2.03,1.24,0.47,97.5,53.6582,0.047999999999999994
36.68,Morning,Weekday,4.0,Low,Clear,2.58,1.11,0.39,108.41,85.5747,0.3383451711096762
25.28,Morning,Weekend,3.0,Medium,Snow,3.47,1.52,0.29,76.73,73.3549,0.32946696207480775
34.73,Evening,Weekday,4.0,Low,Clear,4.85,1.13,0.14,5.65,44.88589999999999,6.146902654867255
22.31,Afternoon,Weekday,2.0,Low,Clear,3.15,1.94,0.31,26.43,54.6247,0.8441165342413923
13.07,Afternoon,Weekend,2.0,Medium,Clear,3.27,1.4,0.19,16.47,24.6973,0.7935640558591379
41.14,Evening,Weekend,3.0,Medium,Rain,4.14,1.71,0.17,46.78,82.44200000000001,0.8794356562633604
40.17,Evening,Weekday,3.0,Low,Clear,3.81,0.66,0.42,62.66,56.6394,0.6410788381742739
14.34,Afternoon,Weekday,1.0,Medium,Clear,3.23,1.01,0.29,45.07,30.7837,0.31817173285999556
25.83,Morning,Weekday,3.0,Medium,Clear,2.65,1.35,0.29,25.61,55.3348,1.0085903943771963
18.69,Evening,Weekday,3.0,Medium,Clear,4.9,1.79,0.17,79.41,51.8548,0.23536078579523992
5.49,Afternoon,Weekend,4.0,Medium,Clear,2.39,0.62,0.49,58.39,34.4049,0.09402294913512588
45.95,Night,Weekday,4.0,Medium,Clear,3.12,0.61,0.29,61.96,62.12950000000001,0.7416074887023887
7.7,Morning,Weekday,3.0,Low,Rain,2.08,1.78,0.29,54.18,33.1236,0.1421188630490956
47.56,Morning,Weekday,1.0,Low,Clear,2.67,0.82,0.17,114.94,61.209,0.4137811031842701
22.85,Morning,Weekend,3.0,Medium,Clear,4.34,1.22,0.23,29.69,45.44370000000001,0.7696194004715392
